[{"id":"a_6c0d0e9e63a4ca4a","geometryId":"g_6c0d0e9e63a4ca4a","symbolKey":"fire-safety--fire-extinguisher"},{"id":"a_9636bce817295e4a","geometryId":"g_9636bce817295e4a","symbolKey":"fire-safety--fire-extinguisher"},{"id":"a_f948e50e5b741949","geometryId":"g_f948e50e5b741949","symbolKey":"access-features--elevator-firefighter"},{"id":"a_0a323578263fff43","geometryId":"g_0a323578263fff43","symbolKey":"access-features--elevator-firefighter"},{"id":"a_6e266e83e9177c05","geometryId":"g_6e266e83e9177c05","symbolKey":"fire-safety--fire-alarm-pull-station"},{"id":"a_1e934a675527ae3d","geometryId":"g_1e934a675527ae3d","symbolKey":"fire-safety--fire-alarm-pull-station"},{"id":"a_56f42eeff3b35146","geometryId":"g_56f42eeff3b35146","symbolKey":"fire-safety--fire-alarm-pull-station"},{"id":"a_b10b9cd42e9937de","geometryId":"g_b10b9cd42e9937de","symbolKey":"access-features--elevator-firefighter"},{"id":"a_c0f9498ce9f231a2","geometryId":"g_c0f9498ce9f231a2","symbolKey":"access-features--elevator-firefighter"},{"id":"a_7d7ab89aea4842be","geometryId":"g_7d7ab89aea4842be","symbolKey":"equipment-rooms--electrical-transformer-room"},{"id":"a_f76de9c622bd5891","geometryId":"g_f76de9c622bd5891","symbolKey":"equipment-rooms--electrical-transformer-room"}]