[{"id":"a_207d19f45c2e7b8f","geometryId":"g_207d19f45c2e7b8f","symbolKey":"safety--evacuation-chair"},{"id":"a_af2113865bb4678d","geometryId":"g_af2113865bb4678d","symbolKey":"fire-safety--fire-alarm-pull-station"},{"id":"a_25c76940d5380052","geometryId":"g_25c76940d5380052","symbolKey":"utility-shutoffs--gas-valve-general"},{"id":"a_298f1ec5817cbae5","geometryId":"g_298f1ec5817cbae5","symbolKey":"fire-safety--fire-alarm-pull-station"},{"id":"a_4a126137770ffe37","geometryId":"g_4a126137770ffe37","symbolKey":"fire-safety--fire-emergency-phone"},{"id":"a_a14d34c78ec5f9b8","geometryId":"g_a14d34c78ec5f9b8","symbolKey":"general-systems--fire-alarm-annunciator-panel"},{"id":"a_152b5fab31a0afbd","geometryId":"g_152b5fab31a0afbd","symbolKey":"fire-safety--fire-alarm-pull-station"},{"id":"a_9bdf67befe01cfa3","geometryId":"g_9bdf67befe01cfa3","symbolKey":"fire-safety--fire-alarm-pull-station"},{"id":"a_f9b8d961473470a5","geometryId":"g_f9b8d961473470a5","symbolKey":"utility-shutoffs--main-water-valve"},{"id":"a_6fd114a44dd19a0e","geometryId":"g_6fd114a44dd19a0e","symbolKey":"fire-safety--fire-alarm-pull-station"},{"id":"a_1bdfde153c5deb52","geometryId":"g_1bdfde153c5deb52","symbolKey":"safety--evacuation-chair"},{"id":"a_758ea9cdccca8078","geometryId":"g_758ea9cdccca8078","symbolKey":"water-connections--fdc-general"},{"id":"a_7c6001e7b3a017a6","geometryId":"g_7c6001e7b3a017a6","symbolKey":"access-features--keybox"},{"id":"a_4bae6d5ea4425f6c","geometryId":"g_4bae6d5ea4425f6c","symbolKey":"fire-safety--fire-alarm-pull-station"},{"id":"a_74a76260cc5b3f6d","geometryId":"g_74a76260cc5b3f6d","symbolKey":"fire-safety--fire-alarm-pull-station"},{"id":"a_9a6af919cb7ca9c9","geometryId":"g_9a6af919cb7ca9c9","symbolKey":"fire-safety--fire-alarm-pull-station"},{"id":"a_58c5621788956634","geometryId":"g_58c5621788956634","symbolKey":"access-features--primary-entrance"},{"id":"a_c13eae7139ea0dea","geometryId":"g_c13eae7139ea0dea","symbolKey":"fire-safety--fire-alarm-pull-station"},{"id":"a_031bfa14411ef957","geometryId":"g_031bfa14411ef957","symbolKey":"equipment-rooms--electrical-transformer-room"},{"id":"a_1c78d33d5b929aba","geometryId":"g_1c78d33d5b929aba","symbolKey":"equipment-rooms--electrical-transformer-room"}]