[{"id":"ea_13db7093d74061c9","geometryId":"g_13db7093d74061c9","kind":"open","details":{"externalId":""}},{"id":"ea_3ae913d8b0489966","geometryId":"g_3ae913d8b0489966","kind":"open","details":{"externalId":""}},{"id":"ea_27b4bdf5cb09d710","geometryId":"g_27b4bdf5cb09d710","kind":"open","details":{"externalId":""}},{"id":"ea_8fdbe19e6fb44004","geometryId":"g_8fdbe19e6fb44004","kind":"open","details":{"externalId":""}},{"id":"ea_1d0b2a0c4e001729","geometryId":"g_1d0b2a0c4e001729","kind":"open","details":{"externalId":""}},{"id":"ea_e7010089da6ceb65","geometryId":"g_e7010089da6ceb65","kind":"open","details":{"externalId":""}},{"id":"ea_72586a7edc2f6464","geometryId":"g_72586a7edc2f6464","kind":"open","details":{"externalId":""}},{"id":"ea_1f35912fe785409b","geometryId":"g_1f35912fe785409b","kind":"open","details":{"externalId":""}},{"id":"ea_b74030b661081348","geometryId":"g_b74030b661081348","kind":"open","details":{"externalId":""}},{"id":"ea_4ff9231e81773def","geometryId":"g_4ff9231e81773def","kind":"open","details":{"externalId":""}},{"id":"ea_f3d6817d01351ddd","geometryId":"g_f3d6817d01351ddd","kind":"open","details":{"externalId":""}},{"id":"ea_6e5680232272d047","geometryId":"g_6e5680232272d047","kind":"open","details":{"externalId":""}},{"id":"ea_66e9fadf8ebd8acb","geometryId":"g_66e9fadf8ebd8acb","kind":"open","details":{"externalId":""}},{"id":"ea_9f0b5a1bea575f4c","geometryId":"g_9f0b5a1bea575f4c","kind":"open","details":{"externalId":""}},{"id":"ea_fa61deaef37b2a4e","geometryId":"g_fa61deaef37b2a4e","kind":"open","details":{"externalId":""}},{"id":"ea_9fb6140485ff0b28","geometryId":"g_9fb6140485ff0b28","kind":"open","details":{"externalId":""}},{"id":"ea_a76b24dedffb422c","geometryId":"g_a76b24dedffb422c","kind":"open","details":{"externalId":""}},{"id":"ea_1350d636ee9366a9","geometryId":"g_1350d636ee9366a9","kind":"open","details":{"externalId":""}},{"id":"ea_2dd65b6786978cc8","geometryId":"g_2dd65b6786978cc8","kind":"open","details":{"externalId":""}},{"id":"ea_31ccee25c6aa00f0","geometryId":"g_31ccee25c6aa00f0","kind":"open","details":{"externalId":""}},{"id":"ea_71e0ce96851ce5c3","geometryId":"g_71e0ce96851ce5c3","kind":"open","details":{"externalId":""}},{"id":"ea_e43829fda87e9451","geometryId":"g_e43829fda87e9451","kind":"open","details":{"externalId":""}},{"id":"ea_8651c18494ecbdd5","geometryId":"g_8651c18494ecbdd5","kind":"open","details":{"externalId":""}},{"id":"ea_c80cb9a9d5c1d68c","geometryId":"g_c80cb9a9d5c1d68c","kind":"open","details":{"externalId":""}},{"id":"ea_7afd17c934ad041a","geometryId":"g_7afd17c934ad041a","kind":"open","details":{"externalId":""}},{"id":"ea_2845ffc575d973d0","geometryId":"g_2845ffc575d973d0","kind":"open","details":{"externalId":""}},{"id":"ea_bdf5f23a8aa8e654","geometryId":"g_bdf5f23a8aa8e654","kind":"open","details":{"externalId":""}},{"id":"ea_ba636e2612f942aa","geometryId":"g_ba636e2612f942aa","kind":"open","details":{"externalId":""}},{"id":"ea_0397e912c0d983e6","geometryId":"g_0397e912c0d983e6","kind":"open","details":{"externalId":""}},{"id":"ea_1f75c04fe6332d62","geometryId":"g_1f75c04fe6332d62","kind":"open","details":{"externalId":""}},{"id":"ea_9ca2d448c3997584","geometryId":"g_9ca2d448c3997584","kind":"open","details":{"externalId":""}},{"id":"ea_a98d84229d86b908","geometryId":"g_a98d84229d86b908","kind":"open","details":{"externalId":""}},{"id":"ea_9807ba7fd61b08be","geometryId":"g_9807ba7fd61b08be","kind":"open","details":{"externalId":""}},{"id":"ea_e6aec7c955970b88","geometryId":"g_e6aec7c955970b88","kind":"open","details":{"externalId":""}},{"id":"ea_d0132f823eb0838d","geometryId":"g_d0132f823eb0838d","kind":"open","details":{"externalId":""}},{"id":"ea_8d344c43c64618dd","geometryId":"g_8d344c43c64618dd","kind":"open","details":{"externalId":""}},{"id":"ea_d764691ec7ff8c52","geometryId":"g_d764691ec7ff8c52","kind":"open","details":{"externalId":""}},{"id":"ea_eaaab748c462ed46","geometryId":"g_eaaab748c462ed46","kind":"open","details":{"externalId":""}},{"id":"ea_dcb3b01ca01cc9d2","geometryId":"g_dcb3b01ca01cc9d2","kind":"open","details":{"externalId":""}},{"id":"ea_4a19a147ea7d15c7","geometryId":"g_4a19a147ea7d15c7","kind":"open","details":{"externalId":""}},{"id":"ea_14b7429849378ef9","geometryId":"g_14b7429849378ef9","kind":"open","details":{"externalId":""}},{"id":"ea_c9d3f053c41a2801","geometryId":"g_c9d3f053c41a2801","kind":"open","details":{"externalId":""}},{"id":"ea_45571152a7f3260c","geometryId":"g_45571152a7f3260c","kind":"open","details":{"externalId":""}},{"id":"ea_4e617ed4735f182b","geometryId":"g_4e617ed4735f182b","kind":"open","details":{"externalId":""}},{"id":"ea_3ee22a1c0c1bf425","geometryId":"g_3ee22a1c0c1bf425","kind":"open","details":{"externalId":""}},{"id":"ea_3c4682caf620c293","geometryId":"g_3c4682caf620c293","kind":"open","details":{"externalId":""}}]