[{"id":"ea_f9322dbc09418300","geometryId":"g_f9322dbc09418300","kind":"open","details":{"externalId":""}},{"id":"ea_15366bebff276dcf","geometryId":"g_15366bebff276dcf","kind":"open","details":{"externalId":""}},{"id":"ea_01ab6c220a0e63df","geometryId":"g_01ab6c220a0e63df","kind":"open","details":{"externalId":""}},{"id":"ea_d781c5be78babaef","geometryId":"g_d781c5be78babaef","kind":"open","details":{"externalId":""}},{"id":"ea_2ba86b78cb9ca709","geometryId":"g_2ba86b78cb9ca709","kind":"open","details":{"externalId":""}},{"id":"ea_b7fd13180766cd91","geometryId":"g_b7fd13180766cd91","kind":"open","details":{"externalId":""}},{"id":"ea_4130c00b38c66f5e","geometryId":"g_4130c00b38c66f5e","kind":"open","details":{"externalId":""}},{"id":"ea_47522b27eb7e3992","geometryId":"g_47522b27eb7e3992","kind":"open","details":{"externalId":""}},{"id":"ea_5ab1081c3822eddc","geometryId":"g_5ab1081c3822eddc","kind":"open","details":{"externalId":""}},{"id":"ea_86f28acc23dcaa70","geometryId":"g_86f28acc23dcaa70","kind":"open","details":{"externalId":""}},{"id":"ea_cc5c374a99a54e15","geometryId":"g_cc5c374a99a54e15","kind":"open","details":{"externalId":""}},{"id":"ea_43a331fae870bf9d","geometryId":"g_43a331fae870bf9d","kind":"open","details":{"externalId":""}},{"id":"ea_091fe89ac1a78d89","geometryId":"g_091fe89ac1a78d89","kind":"open","details":{"externalId":""}},{"id":"ea_6ced2566b61f4379","geometryId":"g_6ced2566b61f4379","kind":"open","details":{"externalId":""}},{"id":"ea_76c1d91d2415f563","geometryId":"g_76c1d91d2415f563","kind":"open","details":{"externalId":""}},{"id":"ea_24e3942cca477ae3","geometryId":"g_24e3942cca477ae3","kind":"open","details":{"externalId":""}},{"id":"ea_e0bb454e1e1a2467","geometryId":"g_e0bb454e1e1a2467","kind":"open","details":{"externalId":""}},{"id":"ea_8478c3bf00dddc56","geometryId":"g_8478c3bf00dddc56","kind":"open","details":{"externalId":""}},{"id":"ea_d58efed5359b096e","geometryId":"g_d58efed5359b096e","kind":"open","details":{"externalId":""}},{"id":"ea_d4afaf285e802a7e","geometryId":"g_d4afaf285e802a7e","kind":"open","details":{"externalId":""}},{"id":"ea_f2e5858fd808bafe","geometryId":"g_f2e5858fd808bafe","kind":"open","details":{"externalId":""}},{"id":"ea_8cd91fbd7713e267","geometryId":"g_8cd91fbd7713e267","kind":"open","details":{"externalId":""}},{"id":"ea_1ae772121e6e9e11","geometryId":"g_1ae772121e6e9e11","kind":"open","details":{"externalId":""}},{"id":"ea_4fdd9e9e22f6b65e","geometryId":"g_4fdd9e9e22f6b65e","kind":"open","details":{"externalId":""}},{"id":"ea_6c430a317ecb7f2e","geometryId":"g_6c430a317ecb7f2e","kind":"open","details":{"externalId":""}},{"id":"ea_2225b08940ab0fd7","geometryId":"g_2225b08940ab0fd7","kind":"open","details":{"externalId":""}},{"id":"ea_43b2b9d567a86bb3","geometryId":"g_43b2b9d567a86bb3","kind":"open","details":{"externalId":""}},{"id":"ea_af22df48cc74869d","geometryId":"g_af22df48cc74869d","kind":"open","details":{"externalId":""}},{"id":"ea_239ab0f7abbdd8e1","geometryId":"g_239ab0f7abbdd8e1","kind":"open","details":{"externalId":""}},{"id":"ea_32cccad93c1ec995","geometryId":"g_32cccad93c1ec995","kind":"open","details":{"externalId":""}},{"id":"ea_d65d965a49b77673","geometryId":"g_d65d965a49b77673","kind":"open","details":{"externalId":""}},{"id":"ea_f4631fac67d3ab86","geometryId":"g_f4631fac67d3ab86","kind":"open","details":{"externalId":""}},{"id":"ea_04969d6fc8a807fb","geometryId":"g_04969d6fc8a807fb","kind":"open","details":{"externalId":""}},{"id":"ea_af08bc8befbc55e0","geometryId":"g_af08bc8befbc55e0","kind":"open","details":{"externalId":""}},{"id":"ea_399205bdf959dce0","geometryId":"g_399205bdf959dce0","kind":"open","details":{"externalId":""}},{"id":"ea_4321e8863f075ce0","geometryId":"g_4321e8863f075ce0","kind":"open","details":{"externalId":""}},{"id":"ea_5e43e975fa6baefd","geometryId":"g_5e43e975fa6baefd","kind":"open","details":{"externalId":""}},{"id":"ea_96efced6306cabe9","geometryId":"g_96efced6306cabe9","kind":"open","details":{"externalId":""}},{"id":"ea_f1b6bc6c03acc30b","geometryId":"g_f1b6bc6c03acc30b","kind":"open","details":{"externalId":""}},{"id":"ea_323f27da1e4b3f9d","geometryId":"g_323f27da1e4b3f9d","kind":"open","details":{"externalId":""}},{"id":"ea_a0d79a06e567d7e2","geometryId":"g_a0d79a06e567d7e2","kind":"open","details":{"externalId":""}},{"id":"ea_c2fa689803b25cca","geometryId":"g_c2fa689803b25cca","kind":"open","details":{"externalId":""}},{"id":"ea_6fd11302f0e063b3","geometryId":"g_6fd11302f0e063b3","kind":"open","details":{"externalId":""}},{"id":"ea_9e84c0bc46f56cc5","geometryId":"g_9e84c0bc46f56cc5","kind":"open","details":{"externalId":""}},{"id":"ea_f737f3a3cc7ed86e","geometryId":"g_f737f3a3cc7ed86e","kind":"open","details":{"externalId":""}},{"id":"ea_b7dcb7d185d6619f","geometryId":"g_b7dcb7d185d6619f","kind":"open","details":{"externalId":""}},{"id":"ea_e86341ce1a85bf4e","geometryId":"g_e86341ce1a85bf4e","kind":"open","details":{"externalId":""}},{"id":"ea_d10c07fab1ec03a5","geometryId":"g_d10c07fab1ec03a5","kind":"open","details":{"externalId":""}},{"id":"ea_8094194070b5dadf","geometryId":"g_8094194070b5dadf","kind":"open","details":{"externalId":""}},{"id":"ea_9d125d3dde350580","geometryId":"g_9d125d3dde350580","kind":"open","details":{"externalId":""}},{"id":"ea_9ff501cbbb9fe306","geometryId":"g_9ff501cbbb9fe306","kind":"open","details":{"externalId":""}},{"id":"ea_f7f67520ff7d2c69","geometryId":"g_f7f67520ff7d2c69","kind":"open","details":{"externalId":""}}]