{"type":"FeatureCollection","features":[{"type":"Feature","geometry":{"type":"Point","coordinates":[-78.16218381713597,43.97406156829387]},"properties":{"id":"n_4d7dc4524d0d1ae4","geometryIds":["g_4d7dc4524d0d1ae4"],"neighbors":[]}},{"type":"Feature","geometry":{"type":"Point","coordinates":[-78.1622094640297,43.9740565002871]},"properties":{"id":"n_338708e2f30f8813","geometryIds":["g_338708e2f30f8813"],"neighbors":[]}},{"type":"Feature","geometry":{"type":"Point","coordinates":[-78.16216227266416,43.97401604170225]},"properties":{"id":"n_f0e2544d1f7a4d60","geometryIds":["g_f0e2544d1f7a4d60"],"neighbors":[]}},{"type":"Feature","geometry":{"type":"Point","coordinates":[-78.16211529693271,43.97367683750527]},"properties":{"id":"n_c626ed3f26a21723","geometryIds":["g_c626ed3f26a21723"],"neighbors":[]}},{"type":"Feature","geometry":{"type":"Point","coordinates":[-78.1621871761847,43.97423394224557]},"properties":{"id":"n_1b8dbc099e7eccf2","geometryIds":["g_1b8dbc099e7eccf2"],"neighbors":[]}},{"type":"Feature","geometry":{"type":"Point","coordinates":[-78.16216346282069,43.97399397289893]},"properties":{"id":"n_55b1a8ab297ed56a","geometryIds":["g_55b1a8ab297ed56a"],"neighbors":[]}},{"type":"Feature","geometry":{"type":"Point","coordinates":[-78.1621867560526,43.974009998389505]},"properties":{"id":"n_4a2a690254b12b30","geometryIds":["g_4a2a690254b12b30"],"neighbors":[]}}]}