{"type":"FeatureCollection","features":[{"type":"Feature","geometry":{"type":"Point","coordinates":[-78.16218381713597,43.97406156829387]},"properties":{"id":"n_5cc8671367d72476","geometryIds":["g_5cc8671367d72476"],"neighbors":[]}},{"type":"Feature","geometry":{"type":"Point","coordinates":[-78.1622094640297,43.9740565002871]},"properties":{"id":"n_edfbac1583e19167","geometryIds":["g_edfbac1583e19167"],"neighbors":[]}},{"type":"Feature","geometry":{"type":"Point","coordinates":[-78.16216227266416,43.97401604170225]},"properties":{"id":"n_0f3abc8287c4c59e","geometryIds":["g_0f3abc8287c4c59e"],"neighbors":[]}},{"type":"Feature","geometry":{"type":"Point","coordinates":[-78.16211529693271,43.97367683750527]},"properties":{"id":"n_0bd04b56f25d3cc2","geometryIds":["g_0bd04b56f25d3cc2"],"neighbors":[]}},{"type":"Feature","geometry":{"type":"Point","coordinates":[-78.1621871761847,43.97423394224557]},"properties":{"id":"n_e827f88ce25f8f02","geometryIds":["g_e827f88ce25f8f02"],"neighbors":[]}},{"type":"Feature","geometry":{"type":"Point","coordinates":[-78.16216346282069,43.97399397289893]},"properties":{"id":"n_4593842f57fe668c","geometryIds":["g_4593842f57fe668c"],"neighbors":[]}},{"type":"Feature","geometry":{"type":"Point","coordinates":[-78.1621867560526,43.974009998389505]},"properties":{"id":"n_7c71bf4526b1a03f","geometryIds":["g_7c71bf4526b1a03f"],"neighbors":[]}}]}