{"fire-safety--fire-extinguisher":{"url":"https://cdn.mappedin.com/annotator-symbols/fire_safety/fire_extinguisher.svg","name":"Fire Extinguisher"},"access-features--elevator-firefighter":{"url":"https://cdn.mappedin.com/annotator-symbols/access_features/elevator_firefighter.svg","name":"Firefighter Elevator"},"fire-safety--fire-alarm-pull-station":{"url":"https://cdn.mappedin.com/annotator-symbols/fire_safety/fire_alarm_pull_station.svg","name":"Fire Alarm Pull Station"},"equipment-rooms--electrical-transformer-room":{"url":"https://cdn.mappedin.com/annotator-symbols/equipment_rooms/electrical_transformer_room.svg","name":"Electrical Transformer Room"},"safety--evacuation-chair":{"url":"https://cdn.mappedin.com/annotator-symbols/safety/evacuation_chair.svg","name":"Evacuation Chair"},"utility-shutoffs--gas-valve-general":{"url":"https://cdn.mappedin.com/annotator-symbols/utility_shutoffs/gas_valve_general.svg","name":"Gas Valve"},"fire-safety--fire-emergency-phone":{"url":"https://cdn.mappedin.com/annotator-symbols/fire_safety/fire_emergency_phone.svg","name":"Fire Emergency Phone"},"general-systems--fire-alarm-annunciator-panel":{"url":"https://cdn.mappedin.com/annotator-symbols/general_systems/fire_alarm_annunciator_panel.svg","name":"Fire Alarm Annunciator Panel"},"utility-shutoffs--main-water-valve":{"url":"https://cdn.mappedin.com/annotator-symbols/utility_shutoffs/main_water_valve.svg","name":"Main Water Valve"},"water-connections--fdc-general":{"url":"https://cdn.mappedin.com/annotator-symbols/water_connections/fdc_general.svg","name":"General FDC"},"access-features--keybox":{"url":"https://cdn.mappedin.com/annotator-symbols/access_features/keybox.svg","name":"Keybox"},"access-features--primary-entrance":{"url":"https://cdn.mappedin.com/annotator-symbols/access_features/primary_entrance.svg","name":"Primary Entrance"}}