[{"id":"c_3800af8bd204fe29","type":"elevator","entrances":[{"geometryId":"g_4d7dc4524d0d1ae4","floorId":"f_77f55097629d2f4e","flags":[1]},{"geometryId":"g_5cc8671367d72476","floorId":"f_9b34472d80f1af20","flags":[1]}],"exits":[{"geometryId":"g_4d7dc4524d0d1ae4","floorId":"f_77f55097629d2f4e","flags":[1]},{"geometryId":"g_5cc8671367d72476","floorId":"f_9b34472d80f1af20","flags":[1]}],"entryCost":3000,"floorCostMultiplier":1},{"id":"c_117bc61b1e504f4b","type":"elevator","entrances":[{"geometryId":"g_338708e2f30f8813","floorId":"f_77f55097629d2f4e","flags":[1]},{"geometryId":"g_edfbac1583e19167","floorId":"f_9b34472d80f1af20","flags":[1]}],"exits":[{"geometryId":"g_338708e2f30f8813","floorId":"f_77f55097629d2f4e","flags":[1]},{"geometryId":"g_edfbac1583e19167","floorId":"f_9b34472d80f1af20","flags":[1]}],"entryCost":3000,"floorCostMultiplier":1},{"id":"c_e59c809281d9445f","type":"elevator","entrances":[{"geometryId":"g_f0e2544d1f7a4d60","floorId":"f_77f55097629d2f4e","flags":[1]},{"geometryId":"g_0f3abc8287c4c59e","floorId":"f_9b34472d80f1af20","flags":[1]}],"exits":[{"geometryId":"g_f0e2544d1f7a4d60","floorId":"f_77f55097629d2f4e","flags":[1]},{"geometryId":"g_0f3abc8287c4c59e","floorId":"f_9b34472d80f1af20","flags":[1]}],"entryCost":3000,"floorCostMultiplier":1},{"id":"c_26b4c453322a51e8","type":"stairs","entrances":[{"geometryId":"g_c626ed3f26a21723","floorId":"f_77f55097629d2f4e","flags":[0]},{"geometryId":"g_0bd04b56f25d3cc2","floorId":"f_9b34472d80f1af20","flags":[0]}],"exits":[{"geometryId":"g_c626ed3f26a21723","floorId":"f_77f55097629d2f4e","flags":[0]},{"geometryId":"g_0bd04b56f25d3cc2","floorId":"f_9b34472d80f1af20","flags":[0]}],"entryCost":1000,"floorCostMultiplier":1000},{"id":"c_105a3226b63a2ec5","type":"stairs","entrances":[{"geometryId":"g_1b8dbc099e7eccf2","floorId":"f_77f55097629d2f4e","flags":[0]},{"geometryId":"g_e827f88ce25f8f02","floorId":"f_9b34472d80f1af20","flags":[0]}],"exits":[{"geometryId":"g_1b8dbc099e7eccf2","floorId":"f_77f55097629d2f4e","flags":[0]},{"geometryId":"g_e827f88ce25f8f02","floorId":"f_9b34472d80f1af20","flags":[0]}],"entryCost":1000,"floorCostMultiplier":1000},{"id":"c_8479f3b2b7ad325f","type":"stairs","entrances":[{"geometryId":"g_55b1a8ab297ed56a","floorId":"f_77f55097629d2f4e","flags":[0]},{"geometryId":"g_4593842f57fe668c","floorId":"f_9b34472d80f1af20","flags":[0]}],"exits":[{"geometryId":"g_55b1a8ab297ed56a","floorId":"f_77f55097629d2f4e","flags":[0]},{"geometryId":"g_4593842f57fe668c","floorId":"f_9b34472d80f1af20","flags":[0]}],"entryCost":1000,"floorCostMultiplier":1000},{"id":"c_2f125c92b7bd9e3a","type":"elevator","entrances":[{"geometryId":"g_4a2a690254b12b30","floorId":"f_77f55097629d2f4e","flags":[1]},{"geometryId":"g_7c71bf4526b1a03f","floorId":"f_9b34472d80f1af20","flags":[1]}],"exits":[{"geometryId":"g_4a2a690254b12b30","floorId":"f_77f55097629d2f4e","flags":[1]},{"geometryId":"g_7c71bf4526b1a03f","floorId":"f_9b34472d80f1af20","flags":[1]}],"entryCost":3000,"floorCostMultiplier":1},{"id":"c_13db7093d74061c9","type":"door","entrances":[{"geometryId":"g_13db7093d74061c9","floorId":"f_77f55097629d2f4e","flags":[1]}],"exits":[],"entryCost":100,"floorCostMultiplier":1},{"id":"c_3ae913d8b0489966","type":"door","entrances":[{"geometryId":"g_3ae913d8b0489966","floorId":"f_77f55097629d2f4e","flags":[1]}],"exits":[],"entryCost":100,"floorCostMultiplier":1},{"id":"c_27b4bdf5cb09d710","type":"door","entrances":[{"geometryId":"g_27b4bdf5cb09d710","floorId":"f_77f55097629d2f4e","flags":[1]}],"exits":[],"entryCost":100,"floorCostMultiplier":1},{"id":"c_8fdbe19e6fb44004","type":"door","entrances":[{"geometryId":"g_8fdbe19e6fb44004","floorId":"f_77f55097629d2f4e","flags":[1]}],"exits":[],"entryCost":100,"floorCostMultiplier":1},{"id":"c_1d0b2a0c4e001729","type":"door","entrances":[{"geometryId":"g_1d0b2a0c4e001729","floorId":"f_77f55097629d2f4e","flags":[1]}],"exits":[],"entryCost":100,"floorCostMultiplier":1},{"id":"c_e7010089da6ceb65","type":"door","entrances":[{"geometryId":"g_e7010089da6ceb65","floorId":"f_77f55097629d2f4e","flags":[1]}],"exits":[],"entryCost":100,"floorCostMultiplier":1},{"id":"c_72586a7edc2f6464","type":"door","entrances":[{"geometryId":"g_72586a7edc2f6464","floorId":"f_77f55097629d2f4e","flags":[1]}],"exits":[],"entryCost":100,"floorCostMultiplier":1},{"id":"c_1f35912fe785409b","type":"door","entrances":[{"geometryId":"g_1f35912fe785409b","floorId":"f_77f55097629d2f4e","flags":[1]}],"exits":[],"entryCost":100,"floorCostMultiplier":1},{"id":"c_b74030b661081348","type":"door","entrances":[{"geometryId":"g_b74030b661081348","floorId":"f_77f55097629d2f4e","flags":[1]}],"exits":[],"entryCost":100,"floorCostMultiplier":1},{"id":"c_4ff9231e81773def","type":"door","entrances":[{"geometryId":"g_4ff9231e81773def","floorId":"f_77f55097629d2f4e","flags":[1]}],"exits":[],"entryCost":100,"floorCostMultiplier":1},{"id":"c_f3d6817d01351ddd","type":"door","entrances":[{"geometryId":"g_f3d6817d01351ddd","floorId":"f_77f55097629d2f4e","flags":[1]}],"exits":[],"entryCost":100,"floorCostMultiplier":1},{"id":"c_6e5680232272d047","type":"door","entrances":[{"geometryId":"g_6e5680232272d047","floorId":"f_77f55097629d2f4e","flags":[1]}],"exits":[],"entryCost":100,"floorCostMultiplier":1},{"id":"c_66e9fadf8ebd8acb","type":"door","entrances":[{"geometryId":"g_66e9fadf8ebd8acb","floorId":"f_77f55097629d2f4e","flags":[1]}],"exits":[],"entryCost":100,"floorCostMultiplier":1},{"id":"c_9f0b5a1bea575f4c","type":"door","entrances":[{"geometryId":"g_9f0b5a1bea575f4c","floorId":"f_77f55097629d2f4e","flags":[1]}],"exits":[],"entryCost":100,"floorCostMultiplier":1},{"id":"c_fa61deaef37b2a4e","type":"door","entrances":[{"geometryId":"g_fa61deaef37b2a4e","floorId":"f_77f55097629d2f4e","flags":[1]}],"exits":[],"entryCost":100,"floorCostMultiplier":1},{"id":"c_9fb6140485ff0b28","type":"door","entrances":[{"geometryId":"g_9fb6140485ff0b28","floorId":"f_77f55097629d2f4e","flags":[1]}],"exits":[],"entryCost":100,"floorCostMultiplier":1},{"id":"c_a76b24dedffb422c","type":"door","entrances":[{"geometryId":"g_a76b24dedffb422c","floorId":"f_77f55097629d2f4e","flags":[1]}],"exits":[],"entryCost":100,"floorCostMultiplier":1},{"id":"c_1350d636ee9366a9","type":"door","entrances":[{"geometryId":"g_1350d636ee9366a9","floorId":"f_77f55097629d2f4e","flags":[1]}],"exits":[],"entryCost":100,"floorCostMultiplier":1},{"id":"c_2dd65b6786978cc8","type":"door","entrances":[{"geometryId":"g_2dd65b6786978cc8","floorId":"f_77f55097629d2f4e","flags":[1]}],"exits":[],"entryCost":100,"floorCostMultiplier":1},{"id":"c_31ccee25c6aa00f0","type":"door","entrances":[{"geometryId":"g_31ccee25c6aa00f0","floorId":"f_77f55097629d2f4e","flags":[1]}],"exits":[],"entryCost":100,"floorCostMultiplier":1},{"id":"c_71e0ce96851ce5c3","type":"door","entrances":[{"geometryId":"g_71e0ce96851ce5c3","floorId":"f_77f55097629d2f4e","flags":[1]}],"exits":[],"entryCost":100,"floorCostMultiplier":1},{"id":"c_e43829fda87e9451","type":"door","entrances":[{"geometryId":"g_e43829fda87e9451","floorId":"f_77f55097629d2f4e","flags":[1]}],"exits":[],"entryCost":100,"floorCostMultiplier":1},{"id":"c_8651c18494ecbdd5","type":"door","entrances":[{"geometryId":"g_8651c18494ecbdd5","floorId":"f_77f55097629d2f4e","flags":[1]}],"exits":[],"entryCost":100,"floorCostMultiplier":1},{"id":"c_c80cb9a9d5c1d68c","type":"door","entrances":[{"geometryId":"g_c80cb9a9d5c1d68c","floorId":"f_77f55097629d2f4e","flags":[1]}],"exits":[],"entryCost":100,"floorCostMultiplier":1},{"id":"c_7afd17c934ad041a","type":"door","entrances":[{"geometryId":"g_7afd17c934ad041a","floorId":"f_77f55097629d2f4e","flags":[1]}],"exits":[],"entryCost":100,"floorCostMultiplier":1},{"id":"c_2845ffc575d973d0","type":"door","entrances":[{"geometryId":"g_2845ffc575d973d0","floorId":"f_77f55097629d2f4e","flags":[1]}],"exits":[],"entryCost":100,"floorCostMultiplier":1},{"id":"c_bdf5f23a8aa8e654","type":"door","entrances":[{"geometryId":"g_bdf5f23a8aa8e654","floorId":"f_77f55097629d2f4e","flags":[1]}],"exits":[],"entryCost":100,"floorCostMultiplier":1},{"id":"c_ba636e2612f942aa","type":"door","entrances":[{"geometryId":"g_ba636e2612f942aa","floorId":"f_77f55097629d2f4e","flags":[1]}],"exits":[],"entryCost":100,"floorCostMultiplier":1},{"id":"c_0397e912c0d983e6","type":"door","entrances":[{"geometryId":"g_0397e912c0d983e6","floorId":"f_77f55097629d2f4e","flags":[1]}],"exits":[],"entryCost":100,"floorCostMultiplier":1},{"id":"c_1f75c04fe6332d62","type":"door","entrances":[{"geometryId":"g_1f75c04fe6332d62","floorId":"f_77f55097629d2f4e","flags":[1]}],"exits":[],"entryCost":100,"floorCostMultiplier":1},{"id":"c_9ca2d448c3997584","type":"door","entrances":[{"geometryId":"g_9ca2d448c3997584","floorId":"f_77f55097629d2f4e","flags":[1]}],"exits":[],"entryCost":100,"floorCostMultiplier":1},{"id":"c_a98d84229d86b908","type":"door","entrances":[{"geometryId":"g_a98d84229d86b908","floorId":"f_77f55097629d2f4e","flags":[1]}],"exits":[],"entryCost":100,"floorCostMultiplier":1},{"id":"c_9807ba7fd61b08be","type":"door","entrances":[{"geometryId":"g_9807ba7fd61b08be","floorId":"f_77f55097629d2f4e","flags":[1]}],"exits":[],"entryCost":100,"floorCostMultiplier":1},{"id":"c_e6aec7c955970b88","type":"door","entrances":[{"geometryId":"g_e6aec7c955970b88","floorId":"f_77f55097629d2f4e","flags":[1]}],"exits":[],"entryCost":100,"floorCostMultiplier":1},{"id":"c_d0132f823eb0838d","type":"door","entrances":[{"geometryId":"g_d0132f823eb0838d","floorId":"f_77f55097629d2f4e","flags":[1]}],"exits":[],"entryCost":100,"floorCostMultiplier":1},{"id":"c_8d344c43c64618dd","type":"door","entrances":[{"geometryId":"g_8d344c43c64618dd","floorId":"f_77f55097629d2f4e","flags":[1]}],"exits":[],"entryCost":100,"floorCostMultiplier":1},{"id":"c_d764691ec7ff8c52","type":"door","entrances":[{"geometryId":"g_d764691ec7ff8c52","floorId":"f_77f55097629d2f4e","flags":[1]}],"exits":[],"entryCost":100,"floorCostMultiplier":1},{"id":"c_eaaab748c462ed46","type":"door","entrances":[{"geometryId":"g_eaaab748c462ed46","floorId":"f_77f55097629d2f4e","flags":[1]}],"exits":[],"entryCost":100,"floorCostMultiplier":1},{"id":"c_dcb3b01ca01cc9d2","type":"door","entrances":[{"geometryId":"g_dcb3b01ca01cc9d2","floorId":"f_77f55097629d2f4e","flags":[1]}],"exits":[],"entryCost":100,"floorCostMultiplier":1},{"id":"c_4a19a147ea7d15c7","type":"door","entrances":[{"geometryId":"g_4a19a147ea7d15c7","floorId":"f_77f55097629d2f4e","flags":[1]}],"exits":[],"entryCost":100,"floorCostMultiplier":1},{"id":"c_14b7429849378ef9","type":"door","entrances":[{"geometryId":"g_14b7429849378ef9","floorId":"f_77f55097629d2f4e","flags":[1]}],"exits":[],"entryCost":100,"floorCostMultiplier":1},{"id":"c_c9d3f053c41a2801","type":"door","entrances":[{"geometryId":"g_c9d3f053c41a2801","floorId":"f_77f55097629d2f4e","flags":[1]}],"exits":[],"entryCost":100,"floorCostMultiplier":1},{"id":"c_45571152a7f3260c","type":"door","entrances":[{"geometryId":"g_45571152a7f3260c","floorId":"f_77f55097629d2f4e","flags":[1]}],"exits":[],"entryCost":100,"floorCostMultiplier":1},{"id":"c_4e617ed4735f182b","type":"door","entrances":[{"geometryId":"g_4e617ed4735f182b","floorId":"f_77f55097629d2f4e","flags":[1]}],"exits":[],"entryCost":100,"floorCostMultiplier":1},{"id":"c_3ee22a1c0c1bf425","type":"door","entrances":[{"geometryId":"g_3ee22a1c0c1bf425","floorId":"f_77f55097629d2f4e","flags":[1]}],"exits":[],"entryCost":100,"floorCostMultiplier":1},{"id":"c_3c4682caf620c293","type":"door","entrances":[{"geometryId":"g_3c4682caf620c293","floorId":"f_77f55097629d2f4e","flags":[1]}],"exits":[],"entryCost":100,"floorCostMultiplier":1},{"id":"c_f9322dbc09418300","type":"door","entrances":[{"geometryId":"g_f9322dbc09418300","floorId":"f_9b34472d80f1af20","flags":[1]}],"exits":[],"entryCost":100,"floorCostMultiplier":1},{"id":"c_15366bebff276dcf","type":"door","entrances":[{"geometryId":"g_15366bebff276dcf","floorId":"f_9b34472d80f1af20","flags":[1]}],"exits":[],"entryCost":100,"floorCostMultiplier":1},{"id":"c_01ab6c220a0e63df","type":"door","entrances":[{"geometryId":"g_01ab6c220a0e63df","floorId":"f_9b34472d80f1af20","flags":[1]}],"exits":[],"entryCost":100,"floorCostMultiplier":1},{"id":"c_d781c5be78babaef","type":"door","entrances":[{"geometryId":"g_d781c5be78babaef","floorId":"f_9b34472d80f1af20","flags":[1]}],"exits":[],"entryCost":100,"floorCostMultiplier":1},{"id":"c_2ba86b78cb9ca709","type":"door","entrances":[{"geometryId":"g_2ba86b78cb9ca709","floorId":"f_9b34472d80f1af20","flags":[1]}],"exits":[],"entryCost":100,"floorCostMultiplier":1},{"id":"c_b7fd13180766cd91","type":"door","entrances":[{"geometryId":"g_b7fd13180766cd91","floorId":"f_9b34472d80f1af20","flags":[1]}],"exits":[],"entryCost":100,"floorCostMultiplier":1},{"id":"c_4130c00b38c66f5e","type":"door","entrances":[{"geometryId":"g_4130c00b38c66f5e","floorId":"f_9b34472d80f1af20","flags":[1]}],"exits":[],"entryCost":100,"floorCostMultiplier":1},{"id":"c_47522b27eb7e3992","type":"door","entrances":[{"geometryId":"g_47522b27eb7e3992","floorId":"f_9b34472d80f1af20","flags":[1]}],"exits":[],"entryCost":100,"floorCostMultiplier":1},{"id":"c_5ab1081c3822eddc","type":"door","entrances":[{"geometryId":"g_5ab1081c3822eddc","floorId":"f_9b34472d80f1af20","flags":[1]}],"exits":[],"entryCost":100,"floorCostMultiplier":1},{"id":"c_86f28acc23dcaa70","type":"door","entrances":[{"geometryId":"g_86f28acc23dcaa70","floorId":"f_9b34472d80f1af20","flags":[1]}],"exits":[],"entryCost":100,"floorCostMultiplier":1},{"id":"c_cc5c374a99a54e15","type":"door","entrances":[{"geometryId":"g_cc5c374a99a54e15","floorId":"f_9b34472d80f1af20","flags":[1]}],"exits":[],"entryCost":100,"floorCostMultiplier":1},{"id":"c_43a331fae870bf9d","type":"door","entrances":[{"geometryId":"g_43a331fae870bf9d","floorId":"f_9b34472d80f1af20","flags":[1]}],"exits":[],"entryCost":100,"floorCostMultiplier":1},{"id":"c_091fe89ac1a78d89","type":"door","entrances":[{"geometryId":"g_091fe89ac1a78d89","floorId":"f_9b34472d80f1af20","flags":[1]}],"exits":[],"entryCost":100,"floorCostMultiplier":1},{"id":"c_6ced2566b61f4379","type":"door","entrances":[{"geometryId":"g_6ced2566b61f4379","floorId":"f_9b34472d80f1af20","flags":[1]}],"exits":[],"entryCost":100,"floorCostMultiplier":1},{"id":"c_76c1d91d2415f563","type":"door","entrances":[{"geometryId":"g_76c1d91d2415f563","floorId":"f_9b34472d80f1af20","flags":[1]}],"exits":[],"entryCost":100,"floorCostMultiplier":1},{"id":"c_24e3942cca477ae3","type":"door","entrances":[{"geometryId":"g_24e3942cca477ae3","floorId":"f_9b34472d80f1af20","flags":[1]}],"exits":[],"entryCost":100,"floorCostMultiplier":1},{"id":"c_e0bb454e1e1a2467","type":"door","entrances":[{"geometryId":"g_e0bb454e1e1a2467","floorId":"f_9b34472d80f1af20","flags":[1]}],"exits":[],"entryCost":100,"floorCostMultiplier":1},{"id":"c_8478c3bf00dddc56","type":"door","entrances":[{"geometryId":"g_8478c3bf00dddc56","floorId":"f_9b34472d80f1af20","flags":[1]}],"exits":[],"entryCost":100,"floorCostMultiplier":1},{"id":"c_d58efed5359b096e","type":"door","entrances":[{"geometryId":"g_d58efed5359b096e","floorId":"f_9b34472d80f1af20","flags":[1]}],"exits":[],"entryCost":100,"floorCostMultiplier":1},{"id":"c_d4afaf285e802a7e","type":"door","entrances":[{"geometryId":"g_d4afaf285e802a7e","floorId":"f_9b34472d80f1af20","flags":[1]}],"exits":[],"entryCost":100,"floorCostMultiplier":1},{"id":"c_f2e5858fd808bafe","type":"door","entrances":[{"geometryId":"g_f2e5858fd808bafe","floorId":"f_9b34472d80f1af20","flags":[1]}],"exits":[],"entryCost":100,"floorCostMultiplier":1},{"id":"c_8cd91fbd7713e267","type":"door","entrances":[{"geometryId":"g_8cd91fbd7713e267","floorId":"f_9b34472d80f1af20","flags":[1]}],"exits":[],"entryCost":100,"floorCostMultiplier":1},{"id":"c_1ae772121e6e9e11","type":"door","entrances":[{"geometryId":"g_1ae772121e6e9e11","floorId":"f_9b34472d80f1af20","flags":[1]}],"exits":[],"entryCost":100,"floorCostMultiplier":1},{"id":"c_4fdd9e9e22f6b65e","type":"door","entrances":[{"geometryId":"g_4fdd9e9e22f6b65e","floorId":"f_9b34472d80f1af20","flags":[1]}],"exits":[],"entryCost":100,"floorCostMultiplier":1},{"id":"c_6c430a317ecb7f2e","type":"door","entrances":[{"geometryId":"g_6c430a317ecb7f2e","floorId":"f_9b34472d80f1af20","flags":[1]}],"exits":[],"entryCost":100,"floorCostMultiplier":1},{"id":"c_2225b08940ab0fd7","type":"door","entrances":[{"geometryId":"g_2225b08940ab0fd7","floorId":"f_9b34472d80f1af20","flags":[1]}],"exits":[],"entryCost":100,"floorCostMultiplier":1},{"id":"c_43b2b9d567a86bb3","type":"door","entrances":[{"geometryId":"g_43b2b9d567a86bb3","floorId":"f_9b34472d80f1af20","flags":[1]}],"exits":[],"entryCost":100,"floorCostMultiplier":1},{"id":"c_af22df48cc74869d","type":"door","entrances":[{"geometryId":"g_af22df48cc74869d","floorId":"f_9b34472d80f1af20","flags":[1]}],"exits":[],"entryCost":100,"floorCostMultiplier":1},{"id":"c_239ab0f7abbdd8e1","type":"door","entrances":[{"geometryId":"g_239ab0f7abbdd8e1","floorId":"f_9b34472d80f1af20","flags":[1]}],"exits":[],"entryCost":100,"floorCostMultiplier":1},{"id":"c_32cccad93c1ec995","type":"door","entrances":[{"geometryId":"g_32cccad93c1ec995","floorId":"f_9b34472d80f1af20","flags":[1]}],"exits":[],"entryCost":100,"floorCostMultiplier":1},{"id":"c_d65d965a49b77673","type":"door","entrances":[{"geometryId":"g_d65d965a49b77673","floorId":"f_9b34472d80f1af20","flags":[1]}],"exits":[],"entryCost":100,"floorCostMultiplier":1},{"id":"c_f4631fac67d3ab86","type":"door","entrances":[{"geometryId":"g_f4631fac67d3ab86","floorId":"f_9b34472d80f1af20","flags":[1]}],"exits":[],"entryCost":100,"floorCostMultiplier":1},{"id":"c_04969d6fc8a807fb","type":"door","entrances":[{"geometryId":"g_04969d6fc8a807fb","floorId":"f_9b34472d80f1af20","flags":[1]}],"exits":[],"entryCost":100,"floorCostMultiplier":1},{"id":"c_af08bc8befbc55e0","type":"door","entrances":[{"geometryId":"g_af08bc8befbc55e0","floorId":"f_9b34472d80f1af20","flags":[1]}],"exits":[],"entryCost":100,"floorCostMultiplier":1},{"id":"c_399205bdf959dce0","type":"door","entrances":[{"geometryId":"g_399205bdf959dce0","floorId":"f_9b34472d80f1af20","flags":[1]}],"exits":[],"entryCost":100,"floorCostMultiplier":1},{"id":"c_4321e8863f075ce0","type":"door","entrances":[{"geometryId":"g_4321e8863f075ce0","floorId":"f_9b34472d80f1af20","flags":[1]}],"exits":[],"entryCost":100,"floorCostMultiplier":1},{"id":"c_5e43e975fa6baefd","type":"door","entrances":[{"geometryId":"g_5e43e975fa6baefd","floorId":"f_9b34472d80f1af20","flags":[1]}],"exits":[],"entryCost":100,"floorCostMultiplier":1},{"id":"c_96efced6306cabe9","type":"door","entrances":[{"geometryId":"g_96efced6306cabe9","floorId":"f_9b34472d80f1af20","flags":[1]}],"exits":[],"entryCost":100,"floorCostMultiplier":1},{"id":"c_f1b6bc6c03acc30b","type":"door","entrances":[{"geometryId":"g_f1b6bc6c03acc30b","floorId":"f_9b34472d80f1af20","flags":[1]}],"exits":[],"entryCost":100,"floorCostMultiplier":1},{"id":"c_323f27da1e4b3f9d","type":"door","entrances":[{"geometryId":"g_323f27da1e4b3f9d","floorId":"f_9b34472d80f1af20","flags":[1]}],"exits":[],"entryCost":100,"floorCostMultiplier":1},{"id":"c_a0d79a06e567d7e2","type":"door","entrances":[{"geometryId":"g_a0d79a06e567d7e2","floorId":"f_9b34472d80f1af20","flags":[1]}],"exits":[],"entryCost":100,"floorCostMultiplier":1},{"id":"c_c2fa689803b25cca","type":"door","entrances":[{"geometryId":"g_c2fa689803b25cca","floorId":"f_9b34472d80f1af20","flags":[1]}],"exits":[],"entryCost":100,"floorCostMultiplier":1},{"id":"c_6fd11302f0e063b3","type":"door","entrances":[{"geometryId":"g_6fd11302f0e063b3","floorId":"f_9b34472d80f1af20","flags":[1]}],"exits":[],"entryCost":100,"floorCostMultiplier":1},{"id":"c_9e84c0bc46f56cc5","type":"door","entrances":[{"geometryId":"g_9e84c0bc46f56cc5","floorId":"f_9b34472d80f1af20","flags":[1]}],"exits":[],"entryCost":100,"floorCostMultiplier":1},{"id":"c_f737f3a3cc7ed86e","type":"door","entrances":[{"geometryId":"g_f737f3a3cc7ed86e","floorId":"f_9b34472d80f1af20","flags":[1]}],"exits":[],"entryCost":100,"floorCostMultiplier":1},{"id":"c_b7dcb7d185d6619f","type":"door","entrances":[{"geometryId":"g_b7dcb7d185d6619f","floorId":"f_9b34472d80f1af20","flags":[1]}],"exits":[],"entryCost":100,"floorCostMultiplier":1},{"id":"c_e86341ce1a85bf4e","type":"door","entrances":[{"geometryId":"g_e86341ce1a85bf4e","floorId":"f_9b34472d80f1af20","flags":[1]}],"exits":[],"entryCost":100,"floorCostMultiplier":1},{"id":"c_d10c07fab1ec03a5","type":"door","entrances":[{"geometryId":"g_d10c07fab1ec03a5","floorId":"f_9b34472d80f1af20","flags":[1]}],"exits":[],"entryCost":100,"floorCostMultiplier":1},{"id":"c_8094194070b5dadf","type":"door","entrances":[{"geometryId":"g_8094194070b5dadf","floorId":"f_9b34472d80f1af20","flags":[1]}],"exits":[],"entryCost":100,"floorCostMultiplier":1},{"id":"c_9d125d3dde350580","type":"door","entrances":[{"geometryId":"g_9d125d3dde350580","floorId":"f_9b34472d80f1af20","flags":[1]}],"exits":[],"entryCost":100,"floorCostMultiplier":1},{"id":"c_9ff501cbbb9fe306","type":"door","entrances":[{"geometryId":"g_9ff501cbbb9fe306","floorId":"f_9b34472d80f1af20","flags":[1]}],"exits":[],"entryCost":100,"floorCostMultiplier":1},{"id":"c_f7f67520ff7d2c69","type":"door","entrances":[{"geometryId":"g_f7f67520ff7d2c69","floorId":"f_9b34472d80f1af20","flags":[1]}],"exits":[],"entryCost":100,"floorCostMultiplier":1}]