{"Walls":{"geometryAnchors":[{"floorId":"f_77f55097629d2f4e","geometryId":"g_de940f855d9ef4e6"},{"floorId":"f_77f55097629d2f4e","geometryId":"g_47e4dc76871d41b9"},{"floorId":"f_77f55097629d2f4e","geometryId":"g_99b79d3eb982cccc"},{"floorId":"f_77f55097629d2f4e","geometryId":"g_b3b67b54756d1c5b"},{"floorId":"f_77f55097629d2f4e","geometryId":"g_479bff0e9a9bc91e"},{"floorId":"f_77f55097629d2f4e","geometryId":"g_19b9081fdb09ea13"},{"floorId":"f_77f55097629d2f4e","geometryId":"g_ad0ab3b4dc35c191"},{"floorId":"f_77f55097629d2f4e","geometryId":"g_ea1d16709adbad03"},{"floorId":"f_77f55097629d2f4e","geometryId":"g_578362e3d740eb9f"},{"floorId":"f_77f55097629d2f4e","geometryId":"g_becd087539781fce"},{"floorId":"f_77f55097629d2f4e","geometryId":"g_b03c203646f95a08"},{"floorId":"f_77f55097629d2f4e","geometryId":"g_17b8e4358d6155eb"},{"floorId":"f_77f55097629d2f4e","geometryId":"g_f7b6ff837c82b9aa"},{"floorId":"f_77f55097629d2f4e","geometryId":"g_7908cde1f5b8eb60"},{"floorId":"f_77f55097629d2f4e","geometryId":"g_acbfa86da92242f9"},{"floorId":"f_77f55097629d2f4e","geometryId":"g_8a1b22a82a8d173a"},{"floorId":"f_77f55097629d2f4e","geometryId":"g_031e5d5650ff3105"},{"floorId":"f_77f55097629d2f4e","geometryId":"g_98f58a07bd1a2e46"},{"floorId":"f_77f55097629d2f4e","geometryId":"g_b4247a464da748ba"},{"floorId":"f_77f55097629d2f4e","geometryId":"g_0f01b5344d258839"},{"floorId":"f_77f55097629d2f4e","geometryId":"g_0972fa7d9eb76bc2"},{"floorId":"f_77f55097629d2f4e","geometryId":"g_2ad51b90bb02833f"},{"floorId":"f_77f55097629d2f4e","geometryId":"g_218d0d7e2cf1ac1a"},{"floorId":"f_77f55097629d2f4e","geometryId":"g_4f31260f1a3c195e"},{"floorId":"f_77f55097629d2f4e","geometryId":"g_5656f25e453692be"},{"floorId":"f_77f55097629d2f4e","geometryId":"g_7d6da2c435ae7eb9"},{"floorId":"f_77f55097629d2f4e","geometryId":"g_8c265b04414e6a31"},{"floorId":"f_77f55097629d2f4e","geometryId":"g_f8540a4e7da86b90"},{"floorId":"f_77f55097629d2f4e","geometryId":"g_3f93d3c79104ac82"},{"floorId":"f_77f55097629d2f4e","geometryId":"g_75b7609799bd8979"},{"floorId":"f_77f55097629d2f4e","geometryId":"g_65438bd63a967b2c"},{"floorId":"f_77f55097629d2f4e","geometryId":"g_3a83d8e187c06226"},{"floorId":"f_77f55097629d2f4e","geometryId":"g_f688b73a76f565eb"},{"floorId":"f_77f55097629d2f4e","geometryId":"g_83fbf5b151d74775"},{"floorId":"f_77f55097629d2f4e","geometryId":"g_95266bad86ff71c6"},{"floorId":"f_77f55097629d2f4e","geometryId":"g_f5c8ecc0ccc4464e"},{"floorId":"f_77f55097629d2f4e","geometryId":"g_0fe67411260a66fb"},{"floorId":"f_77f55097629d2f4e","geometryId":"g_658e0b675b53a086"},{"floorId":"f_77f55097629d2f4e","geometryId":"g_07fb9a469d353a8e"},{"floorId":"f_77f55097629d2f4e","geometryId":"g_a9e4d556e98c344b"},{"floorId":"f_77f55097629d2f4e","geometryId":"g_698630e1e2bd5a7c"},{"floorId":"f_77f55097629d2f4e","geometryId":"g_0283135a9fe64b01"},{"floorId":"f_77f55097629d2f4e","geometryId":"g_ec1612e56b078bc2"},{"floorId":"f_77f55097629d2f4e","geometryId":"g_5b8bc3a0f388b186"},{"floorId":"f_77f55097629d2f4e","geometryId":"g_bb098121965d5338"},{"floorId":"f_77f55097629d2f4e","geometryId":"g_6a06eeaf8aabd7e2"},{"floorId":"f_77f55097629d2f4e","geometryId":"g_ac89a187a622a9f5"},{"floorId":"f_77f55097629d2f4e","geometryId":"g_adc77ba954615628"},{"floorId":"f_77f55097629d2f4e","geometryId":"g_95abce9cee476d5c"},{"floorId":"f_77f55097629d2f4e","geometryId":"g_7cec04613884e73f"},{"floorId":"f_77f55097629d2f4e","geometryId":"g_a0b20b0fc1112d83"},{"floorId":"f_77f55097629d2f4e","geometryId":"g_9af9cb47cbdac853"},{"floorId":"f_77f55097629d2f4e","geometryId":"g_3dd03f6266dee303"},{"floorId":"f_77f55097629d2f4e","geometryId":"g_1fdfa20bd36d08f2"},{"floorId":"f_77f55097629d2f4e","geometryId":"g_eea33c8e2cee4395"},{"floorId":"f_77f55097629d2f4e","geometryId":"g_2fae0e217039898d"},{"floorId":"f_77f55097629d2f4e","geometryId":"g_c86a6f8f513e878e"},{"floorId":"f_77f55097629d2f4e","geometryId":"g_df8fa6e86c397b31"},{"floorId":"f_77f55097629d2f4e","geometryId":"g_f31b77df943c97f8"},{"floorId":"f_77f55097629d2f4e","geometryId":"g_e4ec245445d12a7a"},{"floorId":"f_77f55097629d2f4e","geometryId":"g_630dffad6312c390"},{"floorId":"f_77f55097629d2f4e","geometryId":"g_7274f54289a2be6e"},{"floorId":"f_77f55097629d2f4e","geometryId":"g_7b9174d955ef3427"},{"floorId":"f_77f55097629d2f4e","geometryId":"g_ce24162fa277915d"},{"floorId":"f_77f55097629d2f4e","geometryId":"g_f8030d2d8cf2fba9"},{"floorId":"f_77f55097629d2f4e","geometryId":"g_df6ec481b937d6a4"},{"floorId":"f_77f55097629d2f4e","geometryId":"g_e5fd4a172d477534"},{"floorId":"f_77f55097629d2f4e","geometryId":"g_bf8707b9c7ec03e9"},{"floorId":"f_77f55097629d2f4e","geometryId":"g_30a9acc54cefb93b"},{"floorId":"f_77f55097629d2f4e","geometryId":"g_b8ca25204995b43b"},{"floorId":"f_77f55097629d2f4e","geometryId":"g_ae4a3a3efd41ac64"},{"floorId":"f_77f55097629d2f4e","geometryId":"g_1ae2827d9851b32d"},{"floorId":"f_77f55097629d2f4e","geometryId":"g_bebed8268293f2b0"},{"floorId":"f_77f55097629d2f4e","geometryId":"g_2292e1923baea6f3"},{"floorId":"f_77f55097629d2f4e","geometryId":"g_0f9aec68555ed494"},{"floorId":"f_77f55097629d2f4e","geometryId":"g_faecd6147625a9f3"},{"floorId":"f_77f55097629d2f4e","geometryId":"g_0b27648dec4ab950"},{"floorId":"f_77f55097629d2f4e","geometryId":"g_698c675f364426a1"},{"floorId":"f_77f55097629d2f4e","geometryId":"g_7b7c70b38ccd89cd"},{"floorId":"f_77f55097629d2f4e","geometryId":"g_ff077e1cb4c144f7"},{"floorId":"f_77f55097629d2f4e","geometryId":"g_c55850e0956add77"},{"floorId":"f_77f55097629d2f4e","geometryId":"g_899782090387844e"},{"floorId":"f_77f55097629d2f4e","geometryId":"g_66074b457dfede99"},{"floorId":"f_77f55097629d2f4e","geometryId":"g_25736cd80a0408d0"},{"floorId":"f_77f55097629d2f4e","geometryId":"g_4ff2a8d72495d6be"},{"floorId":"f_77f55097629d2f4e","geometryId":"g_35f11b237ca4da0f"},{"floorId":"f_77f55097629d2f4e","geometryId":"g_cfb22b1798937dc5"},{"floorId":"f_77f55097629d2f4e","geometryId":"g_8dbadaea2ccd7201"},{"floorId":"f_77f55097629d2f4e","geometryId":"g_4077c6eaf7f94a38"},{"floorId":"f_77f55097629d2f4e","geometryId":"g_20a7ccad542d0f70"},{"floorId":"f_77f55097629d2f4e","geometryId":"g_781ec2e38589d765"},{"floorId":"f_77f55097629d2f4e","geometryId":"g_272f715872161929"},{"floorId":"f_77f55097629d2f4e","geometryId":"g_7045551b08197f13"},{"floorId":"f_77f55097629d2f4e","geometryId":"g_82e69deb991f337d"},{"floorId":"f_77f55097629d2f4e","geometryId":"g_b6f4b3acacc2d216"},{"floorId":"f_77f55097629d2f4e","geometryId":"g_9bf594deea116e29"},{"floorId":"f_77f55097629d2f4e","geometryId":"g_2905533de1f1e4cf"},{"floorId":"f_77f55097629d2f4e","geometryId":"g_2371d91411a56038"},{"floorId":"f_77f55097629d2f4e","geometryId":"g_d38254a4917571c5"},{"floorId":"f_77f55097629d2f4e","geometryId":"g_3c4104a76abc11d9"},{"floorId":"f_77f55097629d2f4e","geometryId":"g_732b43cdcf14887a"},{"floorId":"f_77f55097629d2f4e","geometryId":"g_33c5bbd795f576c1"},{"floorId":"f_77f55097629d2f4e","geometryId":"g_f90d7db8d2ae55fd"},{"floorId":"f_77f55097629d2f4e","geometryId":"g_09ceae418347c991"},{"floorId":"f_77f55097629d2f4e","geometryId":"g_ee8d6dbfa2b7ba8c"},{"floorId":"f_77f55097629d2f4e","geometryId":"g_a280ef6ee0fcd2ad"},{"floorId":"f_77f55097629d2f4e","geometryId":"g_170a35611801e88e"},{"floorId":"f_77f55097629d2f4e","geometryId":"g_0c8f4b7ed0b96ed1"},{"floorId":"f_77f55097629d2f4e","geometryId":"g_1d5bbe13e21465f3"},{"floorId":"f_77f55097629d2f4e","geometryId":"g_3c18487e1ef11843"},{"floorId":"f_77f55097629d2f4e","geometryId":"g_bb1c7b8f62fff831"},{"floorId":"f_77f55097629d2f4e","geometryId":"g_362ed44518908207"},{"floorId":"f_77f55097629d2f4e","geometryId":"g_ed48d4e9cce5e0be"},{"floorId":"f_77f55097629d2f4e","geometryId":"g_10331ec670e0bb4c"},{"floorId":"f_77f55097629d2f4e","geometryId":"g_84beea5dc000a993"},{"floorId":"f_77f55097629d2f4e","geometryId":"g_81c1c21998a2f3f2"},{"floorId":"f_77f55097629d2f4e","geometryId":"g_517430ed29d29dea"},{"floorId":"f_77f55097629d2f4e","geometryId":"g_4f6018aea6f63169"},{"floorId":"f_77f55097629d2f4e","geometryId":"g_963048e4f649de50"},{"floorId":"f_77f55097629d2f4e","geometryId":"g_0e09c4e496351bab"},{"floorId":"f_77f55097629d2f4e","geometryId":"g_22882c3dfb281b5d"},{"floorId":"f_77f55097629d2f4e","geometryId":"g_4046e680d1f1645b"},{"floorId":"f_77f55097629d2f4e","geometryId":"g_76266ebf15daf43f"},{"floorId":"f_77f55097629d2f4e","geometryId":"g_3cdbd8ff80d62074"},{"floorId":"f_77f55097629d2f4e","geometryId":"g_443271579a74934e"},{"floorId":"f_77f55097629d2f4e","geometryId":"g_7f7301f89a785c5e"},{"floorId":"f_77f55097629d2f4e","geometryId":"g_ae92425a0ecc276d"},{"floorId":"f_77f55097629d2f4e","geometryId":"g_24884c1bbc530a57"},{"floorId":"f_77f55097629d2f4e","geometryId":"g_dc0a21198ee8e93f"},{"floorId":"f_77f55097629d2f4e","geometryId":"g_3f7f4fa5de46cde6"},{"floorId":"f_77f55097629d2f4e","geometryId":"g_20fede37c24c8200"},{"floorId":"f_77f55097629d2f4e","geometryId":"g_dfb5a7bc0aa7a115"},{"floorId":"f_77f55097629d2f4e","geometryId":"g_57fb3d526ad29ab3"},{"floorId":"f_77f55097629d2f4e","geometryId":"g_8f5feefaf1ad068e"},{"floorId":"f_9b34472d80f1af20","geometryId":"g_f56eb109cea68189"},{"floorId":"f_9b34472d80f1af20","geometryId":"g_1ce2af5a306f5d80"},{"floorId":"f_9b34472d80f1af20","geometryId":"g_273e1ef60a416363"},{"floorId":"f_9b34472d80f1af20","geometryId":"g_ea5f4cd86d065d8c"},{"floorId":"f_9b34472d80f1af20","geometryId":"g_8dc1d79cb6b5a0f0"},{"floorId":"f_9b34472d80f1af20","geometryId":"g_da46297db635f4e9"},{"floorId":"f_9b34472d80f1af20","geometryId":"g_8f4a5844e6186658"},{"floorId":"f_9b34472d80f1af20","geometryId":"g_fec0ed1c53905e16"},{"floorId":"f_9b34472d80f1af20","geometryId":"g_15eecdc2e0cb0fe8"},{"floorId":"f_9b34472d80f1af20","geometryId":"g_6d5e30a71f632d69"},{"floorId":"f_9b34472d80f1af20","geometryId":"g_5a37d9b88303fa66"},{"floorId":"f_9b34472d80f1af20","geometryId":"g_25cc295d5539bba2"},{"floorId":"f_9b34472d80f1af20","geometryId":"g_9b7828cdb221dd17"},{"floorId":"f_9b34472d80f1af20","geometryId":"g_aa56f125ed84c3ca"},{"floorId":"f_9b34472d80f1af20","geometryId":"g_8568ca54b6d85a2d"},{"floorId":"f_9b34472d80f1af20","geometryId":"g_ec636799be84678a"},{"floorId":"f_9b34472d80f1af20","geometryId":"g_67cb8547c63b1b3b"},{"floorId":"f_9b34472d80f1af20","geometryId":"g_8d100e429aadbc18"},{"floorId":"f_9b34472d80f1af20","geometryId":"g_168a95981697a53f"},{"floorId":"f_9b34472d80f1af20","geometryId":"g_c88bb65f8cedb8db"},{"floorId":"f_9b34472d80f1af20","geometryId":"g_0a1e92eeaa660399"},{"floorId":"f_9b34472d80f1af20","geometryId":"g_af54c8ef102679f0"},{"floorId":"f_9b34472d80f1af20","geometryId":"g_8b033f02dbb61ca8"},{"floorId":"f_9b34472d80f1af20","geometryId":"g_c64bedf83d74b911"},{"floorId":"f_9b34472d80f1af20","geometryId":"g_dde736e26baa1516"},{"floorId":"f_9b34472d80f1af20","geometryId":"g_87facad098256ad5"},{"floorId":"f_9b34472d80f1af20","geometryId":"g_febb93e7057d9771"},{"floorId":"f_9b34472d80f1af20","geometryId":"g_0ec2e55de76951ff"},{"floorId":"f_9b34472d80f1af20","geometryId":"g_d7f9aca34454923c"},{"floorId":"f_9b34472d80f1af20","geometryId":"g_64cdc76d27f82d07"},{"floorId":"f_9b34472d80f1af20","geometryId":"g_f64096f2d88f2878"},{"floorId":"f_9b34472d80f1af20","geometryId":"g_ff07a1a0ede80766"},{"floorId":"f_9b34472d80f1af20","geometryId":"g_5a5a932ff1261466"},{"floorId":"f_9b34472d80f1af20","geometryId":"g_95e233ea8190e19d"},{"floorId":"f_9b34472d80f1af20","geometryId":"g_243b583cba6f9946"},{"floorId":"f_9b34472d80f1af20","geometryId":"g_8f6b1a67f1020715"},{"floorId":"f_9b34472d80f1af20","geometryId":"g_69f53f147dab4283"},{"floorId":"f_9b34472d80f1af20","geometryId":"g_3210ab68889d794f"},{"floorId":"f_9b34472d80f1af20","geometryId":"g_947b96627e3a5ce3"},{"floorId":"f_9b34472d80f1af20","geometryId":"g_cb28d6d0c80748e2"},{"floorId":"f_9b34472d80f1af20","geometryId":"g_77d14beb4b40941c"},{"floorId":"f_9b34472d80f1af20","geometryId":"g_78df28f97ff16db9"},{"floorId":"f_9b34472d80f1af20","geometryId":"g_4cc93b4079e4210f"},{"floorId":"f_9b34472d80f1af20","geometryId":"g_b916ab15ce0a1b27"},{"floorId":"f_9b34472d80f1af20","geometryId":"g_a5182c05f94ce47f"},{"floorId":"f_9b34472d80f1af20","geometryId":"g_f4e755038bdc443a"},{"floorId":"f_9b34472d80f1af20","geometryId":"g_db9aec2efbe8b559"},{"floorId":"f_9b34472d80f1af20","geometryId":"g_0029ae565907be06"},{"floorId":"f_9b34472d80f1af20","geometryId":"g_6d4fa4e91a950157"},{"floorId":"f_9b34472d80f1af20","geometryId":"g_a83ed9a75fccbce8"},{"floorId":"f_9b34472d80f1af20","geometryId":"g_b16060b7708e7d42"},{"floorId":"f_9b34472d80f1af20","geometryId":"g_fa3e52abeba19d26"},{"floorId":"f_9b34472d80f1af20","geometryId":"g_e9dff5a3a0d4d173"},{"floorId":"f_9b34472d80f1af20","geometryId":"g_161da3eb9fb28d8f"},{"floorId":"f_9b34472d80f1af20","geometryId":"g_42145812e832037e"},{"floorId":"f_9b34472d80f1af20","geometryId":"g_101506e8e434201f"},{"floorId":"f_9b34472d80f1af20","geometryId":"g_e8988e61764d9057"},{"floorId":"f_9b34472d80f1af20","geometryId":"g_7a97e330dbfbf2da"},{"floorId":"f_9b34472d80f1af20","geometryId":"g_252e9c1f19c5eabf"},{"floorId":"f_9b34472d80f1af20","geometryId":"g_acf37c242cb8384d"},{"floorId":"f_9b34472d80f1af20","geometryId":"g_95edbc7e30bf07c9"},{"floorId":"f_9b34472d80f1af20","geometryId":"g_a4ec698bd5b32fe4"},{"floorId":"f_9b34472d80f1af20","geometryId":"g_ce9a704c4f8b9cb8"},{"floorId":"f_9b34472d80f1af20","geometryId":"g_31990d058a76842e"},{"floorId":"f_9b34472d80f1af20","geometryId":"g_20ab343f8b6c27c4"},{"floorId":"f_9b34472d80f1af20","geometryId":"g_27a73a67f9f346c2"},{"floorId":"f_9b34472d80f1af20","geometryId":"g_dc64620cc5e434db"},{"floorId":"f_9b34472d80f1af20","geometryId":"g_73847666baa6e64c"},{"floorId":"f_9b34472d80f1af20","geometryId":"g_087d794c8507884b"},{"floorId":"f_9b34472d80f1af20","geometryId":"g_a915cb26de892e42"},{"floorId":"f_9b34472d80f1af20","geometryId":"g_054d02c09da0a376"},{"floorId":"f_9b34472d80f1af20","geometryId":"g_c736d9d5f355e690"},{"floorId":"f_9b34472d80f1af20","geometryId":"g_558a5d341547b090"},{"floorId":"f_9b34472d80f1af20","geometryId":"g_7dcda798ce160e75"},{"floorId":"f_9b34472d80f1af20","geometryId":"g_1a4d8d8dba5ae8b6"},{"floorId":"f_9b34472d80f1af20","geometryId":"g_a5a5785dd88034c2"},{"floorId":"f_9b34472d80f1af20","geometryId":"g_3df2ee27659f8342"},{"floorId":"f_9b34472d80f1af20","geometryId":"g_2c47a79a1fdab3b9"},{"floorId":"f_9b34472d80f1af20","geometryId":"g_c0b8beb6cc213024"},{"floorId":"f_9b34472d80f1af20","geometryId":"g_e2bb10da3ad7c64b"},{"floorId":"f_9b34472d80f1af20","geometryId":"g_dc90d4127c78e963"},{"floorId":"f_9b34472d80f1af20","geometryId":"g_72fb0f5cf403f469"},{"floorId":"f_9b34472d80f1af20","geometryId":"g_65f79bdb80e25724"},{"floorId":"f_9b34472d80f1af20","geometryId":"g_3553f3b65c10410e"},{"floorId":"f_9b34472d80f1af20","geometryId":"g_75031bacfa614832"},{"floorId":"f_9b34472d80f1af20","geometryId":"g_ec6e7047096bbb6b"},{"floorId":"f_9b34472d80f1af20","geometryId":"g_f77c9fbf2b57a501"},{"floorId":"f_9b34472d80f1af20","geometryId":"g_1c6856302cd85dd3"},{"floorId":"f_9b34472d80f1af20","geometryId":"g_4064f096d26d3718"},{"floorId":"f_9b34472d80f1af20","geometryId":"g_a5e481f244d96b87"},{"floorId":"f_9b34472d80f1af20","geometryId":"g_190bc2855e1994f5"},{"floorId":"f_9b34472d80f1af20","geometryId":"g_02a393978eee9db1"},{"floorId":"f_9b34472d80f1af20","geometryId":"g_a359536ca3c1489b"},{"floorId":"f_9b34472d80f1af20","geometryId":"g_fb0e4a0fa22c9d93"},{"floorId":"f_9b34472d80f1af20","geometryId":"g_735a99600253d480"},{"floorId":"f_9b34472d80f1af20","geometryId":"g_5b9b8a18ddaff5c4"},{"floorId":"f_9b34472d80f1af20","geometryId":"g_88b8d2fa6d5bf6d4"},{"floorId":"f_9b34472d80f1af20","geometryId":"g_ad279ec104b642ac"},{"floorId":"f_9b34472d80f1af20","geometryId":"g_e94a9da09e48a5c9"},{"floorId":"f_9b34472d80f1af20","geometryId":"g_f9bdb6c4ab258a58"},{"floorId":"f_9b34472d80f1af20","geometryId":"g_508a18852a13d31b"},{"floorId":"f_9b34472d80f1af20","geometryId":"g_d5a364e4e9688f80"},{"floorId":"f_9b34472d80f1af20","geometryId":"g_ef58facdc351b77e"},{"floorId":"f_9b34472d80f1af20","geometryId":"g_cb9a33b902fbf589"},{"floorId":"f_9b34472d80f1af20","geometryId":"g_8befab4974ab9f5d"},{"floorId":"f_9b34472d80f1af20","geometryId":"g_663b14e03a2a2b43"},{"floorId":"f_9b34472d80f1af20","geometryId":"g_c9ee07edba76f036"},{"floorId":"f_9b34472d80f1af20","geometryId":"g_06e48b42c7c796b8"},{"floorId":"f_9b34472d80f1af20","geometryId":"g_df377f8aea3b2717"},{"floorId":"f_9b34472d80f1af20","geometryId":"g_c7387e294eb94677"},{"floorId":"f_9b34472d80f1af20","geometryId":"g_fd19ce9702923057"},{"floorId":"f_9b34472d80f1af20","geometryId":"g_9ff4902b9e7688c3"},{"floorId":"f_9b34472d80f1af20","geometryId":"g_c425742dff1b232f"},{"floorId":"f_9b34472d80f1af20","geometryId":"g_5b88390f9fdab968"},{"floorId":"f_9b34472d80f1af20","geometryId":"g_7b6258f39569440d"},{"floorId":"f_9b34472d80f1af20","geometryId":"g_205c444b7efb4cfc"},{"floorId":"f_9b34472d80f1af20","geometryId":"g_614c8f2a8dbb2704"},{"floorId":"f_9b34472d80f1af20","geometryId":"g_48ad53eb7498df8f"},{"floorId":"f_9b34472d80f1af20","geometryId":"g_c8898861fb5b8ee8"},{"floorId":"f_9b34472d80f1af20","geometryId":"g_306b440d2f68e0de"},{"floorId":"f_9b34472d80f1af20","geometryId":"g_e57991e59db099f2"},{"floorId":"f_9b34472d80f1af20","geometryId":"g_8684b2700369c75c"},{"floorId":"f_9b34472d80f1af20","geometryId":"g_cdb0a90835ac6e31"},{"floorId":"f_9b34472d80f1af20","geometryId":"g_3d8d49ed8aff3e13"},{"floorId":"f_9b34472d80f1af20","geometryId":"g_71561aed4ed6a599"},{"floorId":"f_9b34472d80f1af20","geometryId":"g_08ed4e25ff11eee2"},{"floorId":"f_9b34472d80f1af20","geometryId":"g_06bc8d458b46a8f7"},{"floorId":"f_9b34472d80f1af20","geometryId":"g_92b8d56780bd1844"},{"floorId":"f_9b34472d80f1af20","geometryId":"g_b6219cef32589db6"},{"floorId":"f_9b34472d80f1af20","geometryId":"g_2fab8e2497a7c8e2"},{"floorId":"f_9b34472d80f1af20","geometryId":"g_826d2aade165ccc2"},{"floorId":"f_9b34472d80f1af20","geometryId":"g_1f707d1f74140005"},{"floorId":"f_9b34472d80f1af20","geometryId":"g_3d7bc6b5a743119e"},{"floorId":"f_9b34472d80f1af20","geometryId":"g_5783b3ddd36286f9"},{"floorId":"f_9b34472d80f1af20","geometryId":"g_8dcd652766c9aed8"},{"floorId":"f_9b34472d80f1af20","geometryId":"g_3f815115b01f427e"},{"floorId":"f_9b34472d80f1af20","geometryId":"g_780a8cb41430523d"},{"floorId":"f_9b34472d80f1af20","geometryId":"g_55289802f9810ee2"},{"floorId":"f_9b34472d80f1af20","geometryId":"g_91c02365d6081d69"},{"floorId":"f_9b34472d80f1af20","geometryId":"g_8768f37854e78f11"},{"floorId":"f_9b34472d80f1af20","geometryId":"g_344eaa7459373f34"},{"floorId":"f_9b34472d80f1af20","geometryId":"g_4b41483fe831454f"},{"floorId":"f_9b34472d80f1af20","geometryId":"g_9cbc38d3ce7ceee2"},{"floorId":"f_9b34472d80f1af20","geometryId":"g_d52d785eb25b832d"},{"floorId":"f_9b34472d80f1af20","geometryId":"g_0ef3aeda2ba3e706"},{"floorId":"f_9b34472d80f1af20","geometryId":"g_b8cbb407c092f0ed"},{"floorId":"f_9b34472d80f1af20","geometryId":"g_713f69ad8629a082"}],"altitude":0,"color":"#ffffff","height":1,"opacity":1,"buffer":0.15},"ExteriorWalls":{"geometryAnchors":[{"floorId":"f_77f55097629d2f4e","geometryId":"g_1b58863ad58bbaaf"},{"floorId":"f_77f55097629d2f4e","geometryId":"g_11eaf754f7971ae4"},{"floorId":"f_77f55097629d2f4e","geometryId":"g_730e7ee0b27f8685"},{"floorId":"f_77f55097629d2f4e","geometryId":"g_13d138c845a45003"},{"floorId":"f_77f55097629d2f4e","geometryId":"g_6f1427242daf66f1"},{"floorId":"f_77f55097629d2f4e","geometryId":"g_ff686a66e5095317"},{"floorId":"f_77f55097629d2f4e","geometryId":"g_715ef8a10bc6cbd9"},{"floorId":"f_77f55097629d2f4e","geometryId":"g_aa7fe16e56b3d49e"},{"floorId":"f_77f55097629d2f4e","geometryId":"g_0b26c1ddb5569492"},{"floorId":"f_77f55097629d2f4e","geometryId":"g_99b1e911a6a44aba"},{"floorId":"f_77f55097629d2f4e","geometryId":"g_6690cfb6bf648bed"},{"floorId":"f_77f55097629d2f4e","geometryId":"g_3dd88f95c5ddef63"},{"floorId":"f_77f55097629d2f4e","geometryId":"g_0b70de85626e829a"},{"floorId":"f_77f55097629d2f4e","geometryId":"g_d8ff718aba5b9e9e"},{"floorId":"f_77f55097629d2f4e","geometryId":"g_567bbd9009291550"},{"floorId":"f_77f55097629d2f4e","geometryId":"g_e70b774e2ea6a173"},{"floorId":"f_77f55097629d2f4e","geometryId":"g_d78e5d71e58c0cc9"},{"floorId":"f_77f55097629d2f4e","geometryId":"g_8bbd022919d74548"},{"floorId":"f_77f55097629d2f4e","geometryId":"g_b5faa6f9be6e4d2b"},{"floorId":"f_77f55097629d2f4e","geometryId":"g_9394ae6670154293"},{"floorId":"f_77f55097629d2f4e","geometryId":"g_81982775ce5eb852"},{"floorId":"f_77f55097629d2f4e","geometryId":"g_46b2277eb4ed032c"},{"floorId":"f_77f55097629d2f4e","geometryId":"g_4e846b0a4c4b4d7f"},{"floorId":"f_77f55097629d2f4e","geometryId":"g_a4ef6813b0dc0c12"},{"floorId":"f_77f55097629d2f4e","geometryId":"g_f42b2f0deb7a3bbd"},{"floorId":"f_9b34472d80f1af20","geometryId":"g_1bb25a735c5adbba"},{"floorId":"f_9b34472d80f1af20","geometryId":"g_1ba50bb916d4a045"},{"floorId":"f_9b34472d80f1af20","geometryId":"g_139d226032f1e3d9"},{"floorId":"f_9b34472d80f1af20","geometryId":"g_d73bbeea47729c31"},{"floorId":"f_9b34472d80f1af20","geometryId":"g_cc8a4a9fadc6d08c"},{"floorId":"f_9b34472d80f1af20","geometryId":"g_780a9d4ba8b06e3e"},{"floorId":"f_9b34472d80f1af20","geometryId":"g_d183b27707843dd9"},{"floorId":"f_9b34472d80f1af20","geometryId":"g_2420f61ebcc57ce2"},{"floorId":"f_9b34472d80f1af20","geometryId":"g_082c94b297f11e7c"},{"floorId":"f_9b34472d80f1af20","geometryId":"g_7db0340fb8c98dc4"},{"floorId":"f_9b34472d80f1af20","geometryId":"g_7681fc968ad71644"},{"floorId":"f_9b34472d80f1af20","geometryId":"g_7089524a5d00a186"},{"floorId":"f_9b34472d80f1af20","geometryId":"g_4cd51c4030fc29e8"},{"floorId":"f_9b34472d80f1af20","geometryId":"g_90d8362c988f04e8"},{"floorId":"f_9b34472d80f1af20","geometryId":"g_3c1bc03c050c6867"},{"floorId":"f_9b34472d80f1af20","geometryId":"g_f82ca778b1cff1e9"},{"floorId":"f_9b34472d80f1af20","geometryId":"g_2fb28f4c0f6c1f23"},{"floorId":"f_9b34472d80f1af20","geometryId":"g_89bef60bd74305cd"},{"floorId":"f_9b34472d80f1af20","geometryId":"g_c622b55786637fa3"},{"floorId":"f_9b34472d80f1af20","geometryId":"g_c416a2f99f99760f"},{"floorId":"f_9b34472d80f1af20","geometryId":"g_71a5a0a3a33e9d5f"},{"floorId":"f_9b34472d80f1af20","geometryId":"g_e578dc742c4ccee4"},{"floorId":"f_9b34472d80f1af20","geometryId":"g_13bfef58358945f8"},{"floorId":"f_9b34472d80f1af20","geometryId":"g_d234f2389a77ff3f"},{"floorId":"f_9b34472d80f1af20","geometryId":"g_46038c0e07ad9366"},{"floorId":"f_9b34472d80f1af20","geometryId":"g_ec5199cf9da2294a"},{"floorId":"f_9b34472d80f1af20","geometryId":"g_8c2d4d034d65639a"}],"altitude":0,"color":"#ffffff","height":1.02,"opacity":1,"buffer":0.3},"Rooms":{"geometryAnchors":[{"floorId":"f_77f55097629d2f4e","geometryId":"g_dc7f6c538f77507f"},{"floorId":"f_77f55097629d2f4e","geometryId":"g_e7a5a6ad51fe8036"},{"floorId":"f_77f55097629d2f4e","geometryId":"g_a2cb7ca14467276b"},{"floorId":"f_77f55097629d2f4e","geometryId":"g_faf9e86bc4bc5d5c"},{"floorId":"f_77f55097629d2f4e","geometryId":"g_bca83358978e4b6a"},{"floorId":"f_77f55097629d2f4e","geometryId":"g_bf8ebb7142c8f16f"},{"floorId":"f_77f55097629d2f4e","geometryId":"g_c0a5e8bcb58b7e55"},{"floorId":"f_77f55097629d2f4e","geometryId":"g_1c8c691f707ab6f6"},{"floorId":"f_77f55097629d2f4e","geometryId":"g_d2285d3e0cccac21"},{"floorId":"f_77f55097629d2f4e","geometryId":"g_16f4b05a958ebcdb"},{"floorId":"f_77f55097629d2f4e","geometryId":"g_e03a03069098628a"},{"floorId":"f_77f55097629d2f4e","geometryId":"g_8ddb3503da5150d9"},{"floorId":"f_77f55097629d2f4e","geometryId":"g_c9229fefc6d2bf7b"},{"floorId":"f_77f55097629d2f4e","geometryId":"g_9e9e3e8912a0ffbc"},{"floorId":"f_77f55097629d2f4e","geometryId":"g_4dc6b656a65eb0df"},{"floorId":"f_77f55097629d2f4e","geometryId":"g_23ff3d25e7aee251"},{"floorId":"f_77f55097629d2f4e","geometryId":"g_162a040703335bd5"},{"floorId":"f_77f55097629d2f4e","geometryId":"g_c376887d658e895a"},{"floorId":"f_77f55097629d2f4e","geometryId":"g_bda67c436814aad4"},{"floorId":"f_77f55097629d2f4e","geometryId":"g_17b253cd62933eab"},{"floorId":"f_77f55097629d2f4e","geometryId":"g_7ccb89add7cadfe3"},{"floorId":"f_77f55097629d2f4e","geometryId":"g_e1c7a321bc76f32d"},{"floorId":"f_77f55097629d2f4e","geometryId":"g_0262f7eccf93828a"},{"floorId":"f_77f55097629d2f4e","geometryId":"g_446e804236f655e2"},{"floorId":"f_77f55097629d2f4e","geometryId":"g_5146e7d97086df86"},{"floorId":"f_77f55097629d2f4e","geometryId":"g_47675adb3d14bf3c"},{"floorId":"f_77f55097629d2f4e","geometryId":"g_8973a8c3b961bba9"},{"floorId":"f_77f55097629d2f4e","geometryId":"g_1e318f79b27f5ed5"},{"floorId":"f_77f55097629d2f4e","geometryId":"g_cd217d0daf9d3287"},{"floorId":"f_77f55097629d2f4e","geometryId":"g_aa6f14fb6169fdc4"},{"floorId":"f_77f55097629d2f4e","geometryId":"g_df00114b2f82fd46"},{"floorId":"f_77f55097629d2f4e","geometryId":"g_8a9da0b92fdd326a"},{"floorId":"f_77f55097629d2f4e","geometryId":"g_d91a9ed38d0e0308"},{"floorId":"f_77f55097629d2f4e","geometryId":"g_4fe4c0b5c6573c04"},{"floorId":"f_77f55097629d2f4e","geometryId":"g_d9cc908b0927bbc5"},{"floorId":"f_77f55097629d2f4e","geometryId":"g_de88bd018a334957"},{"floorId":"f_77f55097629d2f4e","geometryId":"g_1ac51986db5dc708"},{"floorId":"f_77f55097629d2f4e","geometryId":"g_8e97beb7c5596c7f"},{"floorId":"f_77f55097629d2f4e","geometryId":"g_60b07cc38a2b135e"},{"floorId":"f_77f55097629d2f4e","geometryId":"g_34db533f360987f9"},{"floorId":"f_77f55097629d2f4e","geometryId":"g_7ff7160dd1767265"},{"floorId":"f_9b34472d80f1af20","geometryId":"g_5c5b9ee6b7bae0be"},{"floorId":"f_9b34472d80f1af20","geometryId":"g_ce2d2146267017a8"},{"floorId":"f_9b34472d80f1af20","geometryId":"g_ea84f67b92c01c93"},{"floorId":"f_9b34472d80f1af20","geometryId":"g_483a2be997bb014a"},{"floorId":"f_9b34472d80f1af20","geometryId":"g_58996367527de18f"},{"floorId":"f_9b34472d80f1af20","geometryId":"g_42fc22eb85c59386"},{"floorId":"f_9b34472d80f1af20","geometryId":"g_f6af242ca27e0f63"},{"floorId":"f_9b34472d80f1af20","geometryId":"g_70b9314d10f9794a"},{"floorId":"f_9b34472d80f1af20","geometryId":"g_2af8a88d7968574d"},{"floorId":"f_9b34472d80f1af20","geometryId":"g_a8bde42804dfbf7f"},{"floorId":"f_9b34472d80f1af20","geometryId":"g_1c0f777fa066799c"},{"floorId":"f_9b34472d80f1af20","geometryId":"g_73a3dff7bbd20167"},{"floorId":"f_9b34472d80f1af20","geometryId":"g_1dcb305f4a5ae64f"},{"floorId":"f_9b34472d80f1af20","geometryId":"g_e3bb9fa4f0b56fa2"},{"floorId":"f_9b34472d80f1af20","geometryId":"g_08f3a9242c118501"},{"floorId":"f_9b34472d80f1af20","geometryId":"g_89b1a1cd96d232cb"},{"floorId":"f_9b34472d80f1af20","geometryId":"g_096088bbd91441c9"},{"floorId":"f_9b34472d80f1af20","geometryId":"g_b614a131b92db183"},{"floorId":"f_9b34472d80f1af20","geometryId":"g_aa3b1e2b210a0788"},{"floorId":"f_9b34472d80f1af20","geometryId":"g_e51460cff1e5797d"},{"floorId":"f_9b34472d80f1af20","geometryId":"g_d074de9adb56bc2b"},{"floorId":"f_9b34472d80f1af20","geometryId":"g_fff747fbee0b1f23"},{"floorId":"f_9b34472d80f1af20","geometryId":"g_1c3557e8045a234d"},{"floorId":"f_9b34472d80f1af20","geometryId":"g_742685b150f0c081"},{"floorId":"f_9b34472d80f1af20","geometryId":"g_7913b0afa2ec53c0"},{"floorId":"f_9b34472d80f1af20","geometryId":"g_d996ed009f695bf0"},{"floorId":"f_9b34472d80f1af20","geometryId":"g_5aa9c4a036924774"},{"floorId":"f_9b34472d80f1af20","geometryId":"g_4ddf404dece1ba34"},{"floorId":"f_9b34472d80f1af20","geometryId":"g_2ffd964c811195d3"},{"floorId":"f_9b34472d80f1af20","geometryId":"g_9bb62386a89f76fe"},{"floorId":"f_9b34472d80f1af20","geometryId":"g_1d160191d435a996"},{"floorId":"f_9b34472d80f1af20","geometryId":"g_3d0abda501ca2952"},{"floorId":"f_9b34472d80f1af20","geometryId":"g_406558aaf1551b0c"},{"floorId":"f_9b34472d80f1af20","geometryId":"g_91283286c1781351"},{"floorId":"f_9b34472d80f1af20","geometryId":"g_aa4181b56639c07a"},{"floorId":"f_9b34472d80f1af20","geometryId":"g_aaf38cb9925c80ac"},{"floorId":"f_9b34472d80f1af20","geometryId":"g_e369dec51ff3c287"},{"floorId":"f_9b34472d80f1af20","geometryId":"g_b0409c48a0803664"},{"floorId":"f_9b34472d80f1af20","geometryId":"g_9b0f216e4fab5c11"},{"floorId":"f_9b34472d80f1af20","geometryId":"g_9a1c17d7175c21b4"},{"floorId":"f_9b34472d80f1af20","geometryId":"g_fb6a589fc7295ccc"},{"floorId":"f_9b34472d80f1af20","geometryId":"g_830033e91174ef2c"},{"floorId":"f_9b34472d80f1af20","geometryId":"g_ed2632075a2abfb6"},{"floorId":"f_9b34472d80f1af20","geometryId":"g_9b520d290e689e11"},{"floorId":"f_9b34472d80f1af20","geometryId":"g_13f4eb09274032cd"},{"floorId":"f_9b34472d80f1af20","geometryId":"g_feed2bb4d08cea69"}],"altitude":0,"color":"#f5f5f5","height":0.1,"opacity":1,"buffer":0},"Bathrooms":{"geometryAnchors":[{"floorId":"f_77f55097629d2f4e","geometryId":"g_25b79456e50d1884"},{"floorId":"f_77f55097629d2f4e","geometryId":"g_79705c8c5c71ee7f"},{"floorId":"f_9b34472d80f1af20","geometryId":"g_922f9715ad628a31"},{"floorId":"f_9b34472d80f1af20","geometryId":"g_0200b212f2a3c44e"}],"altitude":0,"color":"#E6F4FB","height":0.1,"opacity":1,"buffer":0},"InaccessibleRooms":{"geometryAnchors":[],"altitude":0,"color":"#F3F0E7","height":0.98,"opacity":1,"buffer":0},"Hallways":{"geometryAnchors":[{"floorId":"f_77f55097629d2f4e","geometryId":"g_49a3146c05b0c09e"},{"floorId":"f_9b34472d80f1af20","geometryId":"g_1213adb1bb566d10"}],"altitude":0,"color":"#ffffff","height":0.08,"opacity":1,"buffer":0},"Points":{"geometryAnchors":[{"floorId":"f_77f55097629d2f4e","geometryId":"g_688266be53ae07a3"},{"floorId":"f_77f55097629d2f4e","geometryId":"g_4d7dc4524d0d1ae4"},{"floorId":"f_77f55097629d2f4e","geometryId":"g_338708e2f30f8813"},{"floorId":"f_77f55097629d2f4e","geometryId":"g_f0e2544d1f7a4d60"},{"floorId":"f_77f55097629d2f4e","geometryId":"g_c626ed3f26a21723"},{"floorId":"f_77f55097629d2f4e","geometryId":"g_1b8dbc099e7eccf2"},{"floorId":"f_77f55097629d2f4e","geometryId":"g_55b1a8ab297ed56a"},{"floorId":"f_77f55097629d2f4e","geometryId":"g_4a2a690254b12b30"},{"floorId":"f_9b34472d80f1af20","geometryId":"g_0686e31fa02b34af"},{"floorId":"f_9b34472d80f1af20","geometryId":"g_54365aa7ac3e48cf"},{"floorId":"f_9b34472d80f1af20","geometryId":"g_5cc8671367d72476"},{"floorId":"f_9b34472d80f1af20","geometryId":"g_edfbac1583e19167"},{"floorId":"f_9b34472d80f1af20","geometryId":"g_0f3abc8287c4c59e"},{"floorId":"f_9b34472d80f1af20","geometryId":"g_0bd04b56f25d3cc2"},{"floorId":"f_9b34472d80f1af20","geometryId":"g_e827f88ce25f8f02"},{"floorId":"f_9b34472d80f1af20","geometryId":"g_4593842f57fe668c"},{"floorId":"f_9b34472d80f1af20","geometryId":"g_7c71bf4526b1a03f"}],"altitude":0,"color":"#000000","height":0,"opacity":1,"buffer":0},"InaccessibleHallways":{"geometryAnchors":[],"altitude":0,"color":"#F3F0E7","height":0.08,"opacity":1,"buffer":0},"Desks":{"geometryAnchors":[{"floorId":"f_77f55097629d2f4e","geometryId":"g_971df39e15669d11"},{"floorId":"f_77f55097629d2f4e","geometryId":"g_22d2466b8a51f954"},{"floorId":"f_77f55097629d2f4e","geometryId":"g_5947526c1b3416f2"},{"floorId":"f_77f55097629d2f4e","geometryId":"g_e0dbe61af76ffc8e"},{"floorId":"f_77f55097629d2f4e","geometryId":"g_b955701ceebc5cb9"},{"floorId":"f_77f55097629d2f4e","geometryId":"g_6641280e2dbb43a7"},{"floorId":"f_77f55097629d2f4e","geometryId":"g_19b2714f9c793239"},{"floorId":"f_77f55097629d2f4e","geometryId":"g_1d35d51b16edff26"},{"floorId":"f_77f55097629d2f4e","geometryId":"g_fdd7be3c82d73f78"},{"floorId":"f_77f55097629d2f4e","geometryId":"g_8d95a3561caf57bf"},{"floorId":"f_77f55097629d2f4e","geometryId":"g_f8fe2ccc418fdd93"},{"floorId":"f_77f55097629d2f4e","geometryId":"g_e9b8df663e25a0c0"},{"floorId":"f_77f55097629d2f4e","geometryId":"g_ce4be91af242a982"},{"floorId":"f_77f55097629d2f4e","geometryId":"g_8ba7ebc5470cafa7"},{"floorId":"f_77f55097629d2f4e","geometryId":"g_65c36ba5160038c9"},{"floorId":"f_77f55097629d2f4e","geometryId":"g_e8a06fa34167e837"},{"floorId":"f_77f55097629d2f4e","geometryId":"g_11d46b96ede6d80c"},{"floorId":"f_77f55097629d2f4e","geometryId":"g_ce8818490a8fd28d"},{"floorId":"f_77f55097629d2f4e","geometryId":"g_9a85f60eb014881a"},{"floorId":"f_77f55097629d2f4e","geometryId":"g_d4c9eb859bc0d13d"},{"floorId":"f_77f55097629d2f4e","geometryId":"g_78fe2c4ffcbd4cdb"},{"floorId":"f_77f55097629d2f4e","geometryId":"g_c65b39aa44028035"},{"floorId":"f_77f55097629d2f4e","geometryId":"g_417606f8c3355fba"},{"floorId":"f_77f55097629d2f4e","geometryId":"g_5367997f9f1cb40e"},{"floorId":"f_77f55097629d2f4e","geometryId":"g_a90a1769aab50fcd"},{"floorId":"f_77f55097629d2f4e","geometryId":"g_503009e59e576f09"},{"floorId":"f_77f55097629d2f4e","geometryId":"g_d685927303992935"},{"floorId":"f_77f55097629d2f4e","geometryId":"g_31cb2c392e6a4941"},{"floorId":"f_77f55097629d2f4e","geometryId":"g_a1c754d3866c5448"},{"floorId":"f_77f55097629d2f4e","geometryId":"g_3408505ab7378cb8"},{"floorId":"f_77f55097629d2f4e","geometryId":"g_5e988148482361c1"},{"floorId":"f_77f55097629d2f4e","geometryId":"g_e3b461a0f7ceab75"},{"floorId":"f_77f55097629d2f4e","geometryId":"g_23ac552ffa103198"},{"floorId":"f_77f55097629d2f4e","geometryId":"g_7ee9c3f4e7e4a366"},{"floorId":"f_77f55097629d2f4e","geometryId":"g_085e9b62154a173f"},{"floorId":"f_77f55097629d2f4e","geometryId":"g_3212f393b17e6bcf"},{"floorId":"f_77f55097629d2f4e","geometryId":"g_02219d881272c82f"},{"floorId":"f_77f55097629d2f4e","geometryId":"g_eeaef020f0777491"},{"floorId":"f_77f55097629d2f4e","geometryId":"g_6a18bb0a61c8b454"},{"floorId":"f_77f55097629d2f4e","geometryId":"g_3adb176284d24215"},{"floorId":"f_77f55097629d2f4e","geometryId":"g_26918f1dced5ece4"},{"floorId":"f_77f55097629d2f4e","geometryId":"g_4992e7436473c4b2"},{"floorId":"f_77f55097629d2f4e","geometryId":"g_62f703955101349d"},{"floorId":"f_77f55097629d2f4e","geometryId":"g_f3f73b07834a61a6"},{"floorId":"f_77f55097629d2f4e","geometryId":"g_99db0fd6e04c5978"},{"floorId":"f_77f55097629d2f4e","geometryId":"g_3a55fa485229b038"},{"floorId":"f_77f55097629d2f4e","geometryId":"g_ed901e27c5e26ce3"},{"floorId":"f_77f55097629d2f4e","geometryId":"g_62464ee55594e281"},{"floorId":"f_77f55097629d2f4e","geometryId":"g_55b7e23e55a68d59"},{"floorId":"f_77f55097629d2f4e","geometryId":"g_3b9d42eac83a8d35"},{"floorId":"f_77f55097629d2f4e","geometryId":"g_173d6873869e9ac1"},{"floorId":"f_77f55097629d2f4e","geometryId":"g_3555d6fd1220961e"},{"floorId":"f_77f55097629d2f4e","geometryId":"g_15cefc8365344dc6"},{"floorId":"f_77f55097629d2f4e","geometryId":"g_b0537d18e388ebb7"},{"floorId":"f_77f55097629d2f4e","geometryId":"g_b21241882ea966b6"},{"floorId":"f_77f55097629d2f4e","geometryId":"g_18bbd19fd80cd77e"},{"floorId":"f_77f55097629d2f4e","geometryId":"g_f9040711c134863f"},{"floorId":"f_77f55097629d2f4e","geometryId":"g_13c091e8e8816a1c"},{"floorId":"f_77f55097629d2f4e","geometryId":"g_1873801af2dc8487"},{"floorId":"f_77f55097629d2f4e","geometryId":"g_1b11b85d6dbffd86"},{"floorId":"f_77f55097629d2f4e","geometryId":"g_acc8fa406a40550c"},{"floorId":"f_77f55097629d2f4e","geometryId":"g_4cb3e45e0c11b619"},{"floorId":"f_77f55097629d2f4e","geometryId":"g_2bbfaa6fc8d44e8c"},{"floorId":"f_77f55097629d2f4e","geometryId":"g_02d6a1d077c58a1b"},{"floorId":"f_77f55097629d2f4e","geometryId":"g_60abef4e45bdae2a"},{"floorId":"f_77f55097629d2f4e","geometryId":"g_96e8160171b6eed2"},{"floorId":"f_77f55097629d2f4e","geometryId":"g_2ff8e71634f41ab2"},{"floorId":"f_77f55097629d2f4e","geometryId":"g_026ed5c1f50dfaff"},{"floorId":"f_77f55097629d2f4e","geometryId":"g_0dffe582414de09d"},{"floorId":"f_77f55097629d2f4e","geometryId":"g_6a034a094e4eeec1"},{"floorId":"f_77f55097629d2f4e","geometryId":"g_02feaf29ec30e093"},{"floorId":"f_77f55097629d2f4e","geometryId":"g_b21655575afa0506"},{"floorId":"f_77f55097629d2f4e","geometryId":"g_8497d05264568d53"},{"floorId":"f_77f55097629d2f4e","geometryId":"g_ca3240136f22cec4"},{"floorId":"f_77f55097629d2f4e","geometryId":"g_329e77af8afeba52"},{"floorId":"f_77f55097629d2f4e","geometryId":"g_f6833c1d511ee83d"},{"floorId":"f_77f55097629d2f4e","geometryId":"g_3e377c9b7c482d85"},{"floorId":"f_77f55097629d2f4e","geometryId":"g_dd418e7efcad244a"},{"floorId":"f_77f55097629d2f4e","geometryId":"g_4cc2718f4df86ee5"},{"floorId":"f_77f55097629d2f4e","geometryId":"g_b360d762674cadec"},{"floorId":"f_77f55097629d2f4e","geometryId":"g_6774b2a926718565"},{"floorId":"f_77f55097629d2f4e","geometryId":"g_7fe5e58581f30d6d"},{"floorId":"f_77f55097629d2f4e","geometryId":"g_21e1fb08bf6d42c6"},{"floorId":"f_77f55097629d2f4e","geometryId":"g_50ac8a44943eb1bc"},{"floorId":"f_77f55097629d2f4e","geometryId":"g_3fdb694c5b44ee96"},{"floorId":"f_77f55097629d2f4e","geometryId":"g_cacab7284a40011c"},{"floorId":"f_77f55097629d2f4e","geometryId":"g_82862534d6969ce4"},{"floorId":"f_77f55097629d2f4e","geometryId":"g_dc940a208bece188"},{"floorId":"f_77f55097629d2f4e","geometryId":"g_9568d26b07e68f65"},{"floorId":"f_77f55097629d2f4e","geometryId":"g_589f744ca0f4a930"},{"floorId":"f_77f55097629d2f4e","geometryId":"g_400b241f53bc8e36"},{"floorId":"f_77f55097629d2f4e","geometryId":"g_62e05cd2e8366286"},{"floorId":"f_77f55097629d2f4e","geometryId":"g_44a72c5201ff2ae4"},{"floorId":"f_77f55097629d2f4e","geometryId":"g_966aeaa6c2e9c8db"},{"floorId":"f_77f55097629d2f4e","geometryId":"g_500e5c94c007f00f"},{"floorId":"f_77f55097629d2f4e","geometryId":"g_5d6dc0f45f99268d"},{"floorId":"f_77f55097629d2f4e","geometryId":"g_097985b2a6b99880"},{"floorId":"f_77f55097629d2f4e","geometryId":"g_c3c85cef2a6b39fb"},{"floorId":"f_77f55097629d2f4e","geometryId":"g_b33144ac5221323c"},{"floorId":"f_77f55097629d2f4e","geometryId":"g_f7d6c149bb30510b"},{"floorId":"f_77f55097629d2f4e","geometryId":"g_6e2f6aaf225cf8d3"},{"floorId":"f_77f55097629d2f4e","geometryId":"g_e6409467aa93aa11"},{"floorId":"f_77f55097629d2f4e","geometryId":"g_b4612c2ee46c23ba"},{"floorId":"f_77f55097629d2f4e","geometryId":"g_f8782dc4354d83f8"},{"floorId":"f_77f55097629d2f4e","geometryId":"g_cd47605823224a48"},{"floorId":"f_77f55097629d2f4e","geometryId":"g_b0e209ad663469a6"},{"floorId":"f_77f55097629d2f4e","geometryId":"g_9be9505859867fe0"},{"floorId":"f_77f55097629d2f4e","geometryId":"g_d5141068b86b42b6"},{"floorId":"f_77f55097629d2f4e","geometryId":"g_6edd642a9d2e0463"},{"floorId":"f_77f55097629d2f4e","geometryId":"g_9ad6b8d998135dcb"},{"floorId":"f_77f55097629d2f4e","geometryId":"g_d91df99bb1046656"},{"floorId":"f_77f55097629d2f4e","geometryId":"g_57ce30bdcd3435ce"},{"floorId":"f_77f55097629d2f4e","geometryId":"g_e224666224386d14"},{"floorId":"f_77f55097629d2f4e","geometryId":"g_cad826afa80bca47"},{"floorId":"f_77f55097629d2f4e","geometryId":"g_829d365421cd442c"},{"floorId":"f_77f55097629d2f4e","geometryId":"g_ab1827b088a73de9"},{"floorId":"f_77f55097629d2f4e","geometryId":"g_4d8cf0e26cbe9792"},{"floorId":"f_77f55097629d2f4e","geometryId":"g_caf89f11c3a35d36"},{"floorId":"f_77f55097629d2f4e","geometryId":"g_9b8e83530766c6f5"},{"floorId":"f_77f55097629d2f4e","geometryId":"g_5a058b0b45abb894"},{"floorId":"f_77f55097629d2f4e","geometryId":"g_9077e178d6aa70d9"},{"floorId":"f_77f55097629d2f4e","geometryId":"g_05409748c89992ea"},{"floorId":"f_77f55097629d2f4e","geometryId":"g_2532f0d07365d3df"},{"floorId":"f_77f55097629d2f4e","geometryId":"g_3bebd96a80619c95"},{"floorId":"f_77f55097629d2f4e","geometryId":"g_5e24b697eb76f975"},{"floorId":"f_77f55097629d2f4e","geometryId":"g_b42e53504c251f44"},{"floorId":"f_77f55097629d2f4e","geometryId":"g_b9973cc2cc46729f"},{"floorId":"f_77f55097629d2f4e","geometryId":"g_cd86402ca257b694"},{"floorId":"f_77f55097629d2f4e","geometryId":"g_a2b5c7165f85b843"},{"floorId":"f_77f55097629d2f4e","geometryId":"g_d6938a90a0bbe9ee"},{"floorId":"f_77f55097629d2f4e","geometryId":"g_09b000ceed344b9c"},{"floorId":"f_77f55097629d2f4e","geometryId":"g_d570f488232f653f"},{"floorId":"f_77f55097629d2f4e","geometryId":"g_273c5eadbf53483f"},{"floorId":"f_77f55097629d2f4e","geometryId":"g_849a48d1df384cb1"},{"floorId":"f_77f55097629d2f4e","geometryId":"g_17ae719eac81d548"},{"floorId":"f_77f55097629d2f4e","geometryId":"g_a466c2213207625b"},{"floorId":"f_77f55097629d2f4e","geometryId":"g_04618106fd17afd0"},{"floorId":"f_77f55097629d2f4e","geometryId":"g_e9fd9fe7688e4519"},{"floorId":"f_77f55097629d2f4e","geometryId":"g_6cee9f30ccde6208"},{"floorId":"f_77f55097629d2f4e","geometryId":"g_816b20153024938a"},{"floorId":"f_77f55097629d2f4e","geometryId":"g_43855c6adad86d3f"},{"floorId":"f_77f55097629d2f4e","geometryId":"g_adf9a45e7d3448e0"},{"floorId":"f_77f55097629d2f4e","geometryId":"g_dc7276e3ceaeb4d5"},{"floorId":"f_77f55097629d2f4e","geometryId":"g_00676a5ac57612e7"},{"floorId":"f_77f55097629d2f4e","geometryId":"g_0f230f63c1c4b69c"},{"floorId":"f_77f55097629d2f4e","geometryId":"g_8cec027e8a4fd975"},{"floorId":"f_77f55097629d2f4e","geometryId":"g_6e1147e41d654836"},{"floorId":"f_77f55097629d2f4e","geometryId":"g_566b63cbe14e16a2"},{"floorId":"f_77f55097629d2f4e","geometryId":"g_954285b3744fcf23"},{"floorId":"f_77f55097629d2f4e","geometryId":"g_4e83b1501b53f8df"},{"floorId":"f_77f55097629d2f4e","geometryId":"g_1619d0d2751af5b3"},{"floorId":"f_77f55097629d2f4e","geometryId":"g_5f2914a866c9a1ab"},{"floorId":"f_77f55097629d2f4e","geometryId":"g_078aaaf4e5139dde"},{"floorId":"f_77f55097629d2f4e","geometryId":"g_a2ad2fe3fb31ecb8"},{"floorId":"f_77f55097629d2f4e","geometryId":"g_9097c4b026a142c1"},{"floorId":"f_77f55097629d2f4e","geometryId":"g_bf58ae5144801940"},{"floorId":"f_77f55097629d2f4e","geometryId":"g_2fbce64c61211ed3"},{"floorId":"f_77f55097629d2f4e","geometryId":"g_664c16b4f2c97641"},{"floorId":"f_77f55097629d2f4e","geometryId":"g_34d8241490068726"},{"floorId":"f_77f55097629d2f4e","geometryId":"g_f541bb2268c83a31"},{"floorId":"f_77f55097629d2f4e","geometryId":"g_865d01f3df3cb1b9"},{"floorId":"f_77f55097629d2f4e","geometryId":"g_847f2ef30c9a3091"},{"floorId":"f_77f55097629d2f4e","geometryId":"g_e09f09a7e18c6947"},{"floorId":"f_77f55097629d2f4e","geometryId":"g_93d232749058a57c"},{"floorId":"f_77f55097629d2f4e","geometryId":"g_f30a85a41cd1b732"},{"floorId":"f_77f55097629d2f4e","geometryId":"g_3ef431aaf632f7b7"},{"floorId":"f_77f55097629d2f4e","geometryId":"g_95c7259928a98e2d"},{"floorId":"f_77f55097629d2f4e","geometryId":"g_01f1b70749cdf251"},{"floorId":"f_77f55097629d2f4e","geometryId":"g_72ce6412905ca5aa"},{"floorId":"f_77f55097629d2f4e","geometryId":"g_5cd803de50fcc672"},{"floorId":"f_77f55097629d2f4e","geometryId":"g_cdd071ec2d843c51"},{"floorId":"f_77f55097629d2f4e","geometryId":"g_fe2c2bb000eb3394"},{"floorId":"f_77f55097629d2f4e","geometryId":"g_2427553430d94f35"},{"floorId":"f_77f55097629d2f4e","geometryId":"g_139a125393293cbe"},{"floorId":"f_77f55097629d2f4e","geometryId":"g_b46cf648897265a6"},{"floorId":"f_77f55097629d2f4e","geometryId":"g_080c857dde9064d1"},{"floorId":"f_77f55097629d2f4e","geometryId":"g_8de0639dfa22cdb5"},{"floorId":"f_77f55097629d2f4e","geometryId":"g_ba16b65eb4655235"},{"floorId":"f_77f55097629d2f4e","geometryId":"g_ea3fad94712ee8a1"},{"floorId":"f_77f55097629d2f4e","geometryId":"g_530f64c33b1b6244"},{"floorId":"f_77f55097629d2f4e","geometryId":"g_8446930b24a47df7"},{"floorId":"f_77f55097629d2f4e","geometryId":"g_4383286175a007e7"},{"floorId":"f_77f55097629d2f4e","geometryId":"g_96e6e125f338f69b"},{"floorId":"f_77f55097629d2f4e","geometryId":"g_c7cf5af4e7fb5395"},{"floorId":"f_77f55097629d2f4e","geometryId":"g_11c2c9adf0bd3805"},{"floorId":"f_77f55097629d2f4e","geometryId":"g_aab71a1eac04f99e"},{"floorId":"f_77f55097629d2f4e","geometryId":"g_84fd0a08f63d5796"},{"floorId":"f_77f55097629d2f4e","geometryId":"g_2caa634a7447b5f4"},{"floorId":"f_77f55097629d2f4e","geometryId":"g_0d426a9b4b7327a3"},{"floorId":"f_77f55097629d2f4e","geometryId":"g_b8db0ac4fdbba6ac"},{"floorId":"f_77f55097629d2f4e","geometryId":"g_464f2e07d957af82"},{"floorId":"f_77f55097629d2f4e","geometryId":"g_a6ede5267f99521b"},{"floorId":"f_77f55097629d2f4e","geometryId":"g_504a693f05e91f6b"},{"floorId":"f_77f55097629d2f4e","geometryId":"g_15bd16baf1cc9e3c"},{"floorId":"f_77f55097629d2f4e","geometryId":"g_aaeea3773e7287b1"},{"floorId":"f_77f55097629d2f4e","geometryId":"g_bb78c953e09e1b49"},{"floorId":"f_77f55097629d2f4e","geometryId":"g_d2072c57d695d8aa"},{"floorId":"f_77f55097629d2f4e","geometryId":"g_25966620880ddda3"},{"floorId":"f_77f55097629d2f4e","geometryId":"g_78f5c4b2b06becfa"},{"floorId":"f_77f55097629d2f4e","geometryId":"g_a070ebf8e039bcaf"},{"floorId":"f_77f55097629d2f4e","geometryId":"g_9875652d6918497e"},{"floorId":"f_77f55097629d2f4e","geometryId":"g_9b7d8256cebccf8a"},{"floorId":"f_77f55097629d2f4e","geometryId":"g_0b312c2e810ee3e3"},{"floorId":"f_77f55097629d2f4e","geometryId":"g_8f60f0109750dd46"},{"floorId":"f_77f55097629d2f4e","geometryId":"g_c0fb4a9b3c40c824"},{"floorId":"f_77f55097629d2f4e","geometryId":"g_61f59075e7889ae4"},{"floorId":"f_77f55097629d2f4e","geometryId":"g_e44487a4864bfbd3"},{"floorId":"f_77f55097629d2f4e","geometryId":"g_a4fd4ba43f2e02d8"},{"floorId":"f_77f55097629d2f4e","geometryId":"g_68b347fd90d44677"},{"floorId":"f_77f55097629d2f4e","geometryId":"g_a47692542a5b9408"},{"floorId":"f_77f55097629d2f4e","geometryId":"g_0d1d5aed3caf8f1d"},{"floorId":"f_77f55097629d2f4e","geometryId":"g_daa464effa62b639"},{"floorId":"f_77f55097629d2f4e","geometryId":"g_9c2c734f8e0230d9"},{"floorId":"f_77f55097629d2f4e","geometryId":"g_19f7243186efe529"},{"floorId":"f_77f55097629d2f4e","geometryId":"g_996f504bdb4b2677"},{"floorId":"f_77f55097629d2f4e","geometryId":"g_4ff589f7fba8f2da"},{"floorId":"f_77f55097629d2f4e","geometryId":"g_976be6629b2b9b25"},{"floorId":"f_77f55097629d2f4e","geometryId":"g_780d9c1fabd01723"},{"floorId":"f_77f55097629d2f4e","geometryId":"g_5d5b1366191fa79a"},{"floorId":"f_77f55097629d2f4e","geometryId":"g_88961a0ec2d21e9c"},{"floorId":"f_77f55097629d2f4e","geometryId":"g_e117e844b0b9e407"},{"floorId":"f_77f55097629d2f4e","geometryId":"g_c3c70cffde4f6593"},{"floorId":"f_77f55097629d2f4e","geometryId":"g_fedf57efd1c7fdd2"},{"floorId":"f_77f55097629d2f4e","geometryId":"g_a37b43dc079b326d"},{"floorId":"f_77f55097629d2f4e","geometryId":"g_a306573b4a8e9928"},{"floorId":"f_77f55097629d2f4e","geometryId":"g_d7df688cb058f312"},{"floorId":"f_77f55097629d2f4e","geometryId":"g_7af71b8df0e592c8"},{"floorId":"f_77f55097629d2f4e","geometryId":"g_db2c3602fb9df148"},{"floorId":"f_77f55097629d2f4e","geometryId":"g_eb9dfdb109a7faa8"},{"floorId":"f_77f55097629d2f4e","geometryId":"g_64440f321e5aff3c"},{"floorId":"f_77f55097629d2f4e","geometryId":"g_d26d1556f8ccedf0"},{"floorId":"f_77f55097629d2f4e","geometryId":"g_f8f0c577fade1357"},{"floorId":"f_77f55097629d2f4e","geometryId":"g_bf7304b776b492ff"},{"floorId":"f_77f55097629d2f4e","geometryId":"g_9a02addd6f3fe0b1"},{"floorId":"f_77f55097629d2f4e","geometryId":"g_c8d17427e7f3e59e"},{"floorId":"f_77f55097629d2f4e","geometryId":"g_c65e777f530680ae"},{"floorId":"f_77f55097629d2f4e","geometryId":"g_6e59398e59e08403"},{"floorId":"f_77f55097629d2f4e","geometryId":"g_2cc5abbba1af4221"},{"floorId":"f_77f55097629d2f4e","geometryId":"g_ab9147a8230c626f"},{"floorId":"f_77f55097629d2f4e","geometryId":"g_b817989e013b1e89"},{"floorId":"f_77f55097629d2f4e","geometryId":"g_7956ca6b32afc830"},{"floorId":"f_77f55097629d2f4e","geometryId":"g_6b37679177fd8222"},{"floorId":"f_77f55097629d2f4e","geometryId":"g_835ff651629ade55"},{"floorId":"f_77f55097629d2f4e","geometryId":"g_230bf66158ebb141"},{"floorId":"f_77f55097629d2f4e","geometryId":"g_db25190ab033b324"},{"floorId":"f_77f55097629d2f4e","geometryId":"g_87c5b07be84c7ed4"},{"floorId":"f_77f55097629d2f4e","geometryId":"g_f5d6eecb773b5acd"},{"floorId":"f_77f55097629d2f4e","geometryId":"g_7c2a30d83ceaf537"},{"floorId":"f_77f55097629d2f4e","geometryId":"g_d7727e7baf185472"},{"floorId":"f_77f55097629d2f4e","geometryId":"g_1dae88359980fe32"},{"floorId":"f_77f55097629d2f4e","geometryId":"g_8400c960e8250d4d"},{"floorId":"f_77f55097629d2f4e","geometryId":"g_6ca7749d45069f51"},{"floorId":"f_77f55097629d2f4e","geometryId":"g_23c829dc7bd1e06e"},{"floorId":"f_77f55097629d2f4e","geometryId":"g_3a997b6311a25012"},{"floorId":"f_77f55097629d2f4e","geometryId":"g_13d679d1fc943b36"},{"floorId":"f_77f55097629d2f4e","geometryId":"g_3602d8bf01774b94"},{"floorId":"f_77f55097629d2f4e","geometryId":"g_145698e6725193fe"},{"floorId":"f_77f55097629d2f4e","geometryId":"g_74768fb299ecc21e"},{"floorId":"f_77f55097629d2f4e","geometryId":"g_df7439cb9c130dc1"},{"floorId":"f_77f55097629d2f4e","geometryId":"g_afd1d68720037cf2"},{"floorId":"f_77f55097629d2f4e","geometryId":"g_6f1c0fdd758fc49c"},{"floorId":"f_77f55097629d2f4e","geometryId":"g_d1da33f71cfefce5"},{"floorId":"f_77f55097629d2f4e","geometryId":"g_0f15bf5f6e25ba70"},{"floorId":"f_77f55097629d2f4e","geometryId":"g_ca33a76ab94035d9"},{"floorId":"f_77f55097629d2f4e","geometryId":"g_b7bf3cebd72afe07"},{"floorId":"f_77f55097629d2f4e","geometryId":"g_2960ac1b8ff64df3"},{"floorId":"f_77f55097629d2f4e","geometryId":"g_a93c082c0346134e"},{"floorId":"f_77f55097629d2f4e","geometryId":"g_b13d57e7a6be93a7"},{"floorId":"f_77f55097629d2f4e","geometryId":"g_9cf65922b2b8c6ff"},{"floorId":"f_77f55097629d2f4e","geometryId":"g_1e5fdacdedf19f2e"},{"floorId":"f_77f55097629d2f4e","geometryId":"g_382f731c9f4d5dd6"},{"floorId":"f_77f55097629d2f4e","geometryId":"g_27207f2fd88fc287"},{"floorId":"f_77f55097629d2f4e","geometryId":"g_4d56d960dc50832e"},{"floorId":"f_77f55097629d2f4e","geometryId":"g_26fb3e5a44f587b2"},{"floorId":"f_77f55097629d2f4e","geometryId":"g_2aaf8dee4bab3138"},{"floorId":"f_77f55097629d2f4e","geometryId":"g_afd68064ed5f2d17"},{"floorId":"f_77f55097629d2f4e","geometryId":"g_81fb9292b16838fc"},{"floorId":"f_77f55097629d2f4e","geometryId":"g_d63be1bea77823d8"},{"floorId":"f_77f55097629d2f4e","geometryId":"g_ed6d652c76ab9766"},{"floorId":"f_77f55097629d2f4e","geometryId":"g_81f0fc60bb3d89c6"},{"floorId":"f_77f55097629d2f4e","geometryId":"g_9dfb1d2e1698054b"},{"floorId":"f_77f55097629d2f4e","geometryId":"g_472e35422fe83e9f"},{"floorId":"f_77f55097629d2f4e","geometryId":"g_13dde85f423b0458"},{"floorId":"f_77f55097629d2f4e","geometryId":"g_20851ec26517fbde"},{"floorId":"f_77f55097629d2f4e","geometryId":"g_bd3569cb4aa97fbd"},{"floorId":"f_77f55097629d2f4e","geometryId":"g_66bf081ec2a1176b"},{"floorId":"f_77f55097629d2f4e","geometryId":"g_f9340ec2c83c1585"},{"floorId":"f_77f55097629d2f4e","geometryId":"g_136b413246f93ff1"},{"floorId":"f_77f55097629d2f4e","geometryId":"g_2ad7a16755cd1d70"},{"floorId":"f_77f55097629d2f4e","geometryId":"g_8f99ec9541c86ea0"},{"floorId":"f_77f55097629d2f4e","geometryId":"g_66a25f95235e944e"},{"floorId":"f_77f55097629d2f4e","geometryId":"g_5e93430e837890a9"},{"floorId":"f_77f55097629d2f4e","geometryId":"g_ce6f934d7c85bc5c"},{"floorId":"f_77f55097629d2f4e","geometryId":"g_6143d6f45e18cc50"},{"floorId":"f_77f55097629d2f4e","geometryId":"g_ba0f5cf82e5a8910"},{"floorId":"f_77f55097629d2f4e","geometryId":"g_aac950bbb5885a79"},{"floorId":"f_77f55097629d2f4e","geometryId":"g_48ae777ad2553608"},{"floorId":"f_77f55097629d2f4e","geometryId":"g_27e44fab0895f7bf"},{"floorId":"f_77f55097629d2f4e","geometryId":"g_1b04129e39443d32"},{"floorId":"f_77f55097629d2f4e","geometryId":"g_bddf3852223ddd79"},{"floorId":"f_77f55097629d2f4e","geometryId":"g_78344ff15b14a65e"},{"floorId":"f_77f55097629d2f4e","geometryId":"g_dc0f392e94d4da25"},{"floorId":"f_77f55097629d2f4e","geometryId":"g_149386bbf4eb3e13"},{"floorId":"f_77f55097629d2f4e","geometryId":"g_889e0dcea4e79d51"},{"floorId":"f_77f55097629d2f4e","geometryId":"g_ca909e2e0de8efc3"},{"floorId":"f_77f55097629d2f4e","geometryId":"g_a98ad93261d049cc"},{"floorId":"f_77f55097629d2f4e","geometryId":"g_f986e7b7a886f336"},{"floorId":"f_77f55097629d2f4e","geometryId":"g_4884df833b1d9877"},{"floorId":"f_77f55097629d2f4e","geometryId":"g_7027f522efb661c3"},{"floorId":"f_77f55097629d2f4e","geometryId":"g_161bebbdbd3d63ee"},{"floorId":"f_77f55097629d2f4e","geometryId":"g_58b7c9708f266a63"},{"floorId":"f_77f55097629d2f4e","geometryId":"g_f10548edbdeeadf3"},{"floorId":"f_77f55097629d2f4e","geometryId":"g_8621bf4739513d9a"},{"floorId":"f_77f55097629d2f4e","geometryId":"g_53bed3a1b4660c91"},{"floorId":"f_77f55097629d2f4e","geometryId":"g_37216a05dbc922eb"},{"floorId":"f_77f55097629d2f4e","geometryId":"g_5ee19c6306cc2740"},{"floorId":"f_77f55097629d2f4e","geometryId":"g_9471a5083b1abdd5"},{"floorId":"f_77f55097629d2f4e","geometryId":"g_dfb49fa7b29d3d88"},{"floorId":"f_77f55097629d2f4e","geometryId":"g_6f20cfbae0a46410"},{"floorId":"f_77f55097629d2f4e","geometryId":"g_81ed7d8db8dda2d4"},{"floorId":"f_77f55097629d2f4e","geometryId":"g_557ad2d6b5ee2333"},{"floorId":"f_77f55097629d2f4e","geometryId":"g_93bd809b095c4502"},{"floorId":"f_77f55097629d2f4e","geometryId":"g_ade974a32740cc52"},{"floorId":"f_77f55097629d2f4e","geometryId":"g_a5ac28e59ebbb807"},{"floorId":"f_77f55097629d2f4e","geometryId":"g_3491409186e947a9"},{"floorId":"f_77f55097629d2f4e","geometryId":"g_2b09ebbdd347b6e1"},{"floorId":"f_77f55097629d2f4e","geometryId":"g_0acc5c7822c27fe9"},{"floorId":"f_77f55097629d2f4e","geometryId":"g_6f3bdc5e0e9a4889"},{"floorId":"f_77f55097629d2f4e","geometryId":"g_ec340ba792838159"},{"floorId":"f_77f55097629d2f4e","geometryId":"g_21496cfd220283e2"},{"floorId":"f_77f55097629d2f4e","geometryId":"g_56997a902302f8a0"},{"floorId":"f_77f55097629d2f4e","geometryId":"g_e583bb99d2de176a"},{"floorId":"f_77f55097629d2f4e","geometryId":"g_869bfa537a123780"},{"floorId":"f_77f55097629d2f4e","geometryId":"g_235c1beb8ebdf976"},{"floorId":"f_77f55097629d2f4e","geometryId":"g_921f0463f48df2f8"},{"floorId":"f_77f55097629d2f4e","geometryId":"g_b2fe867d747d8fbb"},{"floorId":"f_77f55097629d2f4e","geometryId":"g_a3eca37b42fb754a"},{"floorId":"f_77f55097629d2f4e","geometryId":"g_96a0d0fceaaa0893"},{"floorId":"f_77f55097629d2f4e","geometryId":"g_741fb5cc0544346e"},{"floorId":"f_77f55097629d2f4e","geometryId":"g_906e251ef3962a46"},{"floorId":"f_77f55097629d2f4e","geometryId":"g_05b32974feeb1b48"},{"floorId":"f_77f55097629d2f4e","geometryId":"g_1e49d52524e38bf1"},{"floorId":"f_77f55097629d2f4e","geometryId":"g_8fdca697b469cd55"},{"floorId":"f_77f55097629d2f4e","geometryId":"g_42953ed9a426f31e"},{"floorId":"f_77f55097629d2f4e","geometryId":"g_d9eaae4c780b91ae"},{"floorId":"f_77f55097629d2f4e","geometryId":"g_d2995d9b7a0de0a6"},{"floorId":"f_77f55097629d2f4e","geometryId":"g_782ff1bfe4ed3ca6"},{"floorId":"f_77f55097629d2f4e","geometryId":"g_80e036b919c70903"},{"floorId":"f_77f55097629d2f4e","geometryId":"g_5a1a58012cc959aa"},{"floorId":"f_77f55097629d2f4e","geometryId":"g_6782b834d728291f"},{"floorId":"f_77f55097629d2f4e","geometryId":"g_28d5f5debe8758be"},{"floorId":"f_77f55097629d2f4e","geometryId":"g_1029c2cea82c4db5"},{"floorId":"f_9b34472d80f1af20","geometryId":"g_b50f3759ddb21f46"},{"floorId":"f_9b34472d80f1af20","geometryId":"g_59b7f03f67cdc96a"},{"floorId":"f_9b34472d80f1af20","geometryId":"g_c162429126074810"},{"floorId":"f_9b34472d80f1af20","geometryId":"g_7d9301b3d3e05cec"},{"floorId":"f_9b34472d80f1af20","geometryId":"g_7d68b37191fac1d7"},{"floorId":"f_9b34472d80f1af20","geometryId":"g_e5127831ea6b3986"},{"floorId":"f_9b34472d80f1af20","geometryId":"g_909fd5ad04d88ee5"},{"floorId":"f_9b34472d80f1af20","geometryId":"g_ef7f8a5d4addf167"},{"floorId":"f_9b34472d80f1af20","geometryId":"g_282652dcd7fcdaa9"},{"floorId":"f_9b34472d80f1af20","geometryId":"g_3dd7194dcd000fbb"},{"floorId":"f_9b34472d80f1af20","geometryId":"g_90d4d98cbb114783"},{"floorId":"f_9b34472d80f1af20","geometryId":"g_40d658676ee8d9e1"},{"floorId":"f_9b34472d80f1af20","geometryId":"g_5748d109de0892f4"},{"floorId":"f_9b34472d80f1af20","geometryId":"g_ddd9bf64bd88c0fc"},{"floorId":"f_9b34472d80f1af20","geometryId":"g_3a15db0b6ecd5c36"},{"floorId":"f_9b34472d80f1af20","geometryId":"g_94fadf26c1532d15"},{"floorId":"f_9b34472d80f1af20","geometryId":"g_740ef08ac43d610a"},{"floorId":"f_9b34472d80f1af20","geometryId":"g_f388cabd4141b40e"},{"floorId":"f_9b34472d80f1af20","geometryId":"g_7e8a1b3d64babb07"},{"floorId":"f_9b34472d80f1af20","geometryId":"g_bc00a2b88a2e6b62"},{"floorId":"f_9b34472d80f1af20","geometryId":"g_b31c1ca4a94c42bf"},{"floorId":"f_9b34472d80f1af20","geometryId":"g_89cba1873c825e4c"},{"floorId":"f_9b34472d80f1af20","geometryId":"g_81169da1d73b9701"},{"floorId":"f_9b34472d80f1af20","geometryId":"g_601c174ba3dbe573"},{"floorId":"f_9b34472d80f1af20","geometryId":"g_7082036f9256c46c"},{"floorId":"f_9b34472d80f1af20","geometryId":"g_2e6749fc4c4445a2"},{"floorId":"f_9b34472d80f1af20","geometryId":"g_e18b3c5a23622887"},{"floorId":"f_9b34472d80f1af20","geometryId":"g_c73a999840c3f92c"},{"floorId":"f_9b34472d80f1af20","geometryId":"g_488a296d78fdaeda"},{"floorId":"f_9b34472d80f1af20","geometryId":"g_73721b946902137f"},{"floorId":"f_9b34472d80f1af20","geometryId":"g_4b4685bc23a444c6"},{"floorId":"f_9b34472d80f1af20","geometryId":"g_64e963a3a035651d"},{"floorId":"f_9b34472d80f1af20","geometryId":"g_296dd770b8bd28c7"},{"floorId":"f_9b34472d80f1af20","geometryId":"g_b86a2aa8531dc5b2"},{"floorId":"f_9b34472d80f1af20","geometryId":"g_8ae90e460bf91cea"},{"floorId":"f_9b34472d80f1af20","geometryId":"g_5d1d317d3cc7d023"},{"floorId":"f_9b34472d80f1af20","geometryId":"g_df10af2e7d7399e8"},{"floorId":"f_9b34472d80f1af20","geometryId":"g_0877f02f46f99514"},{"floorId":"f_9b34472d80f1af20","geometryId":"g_2a79cd8c588f04ab"},{"floorId":"f_9b34472d80f1af20","geometryId":"g_315b2095398c786f"},{"floorId":"f_9b34472d80f1af20","geometryId":"g_e94a6597c40014ca"},{"floorId":"f_9b34472d80f1af20","geometryId":"g_6624be9c706f078c"},{"floorId":"f_9b34472d80f1af20","geometryId":"g_e3289bb2ef150f93"},{"floorId":"f_9b34472d80f1af20","geometryId":"g_8f8357bf70377d23"},{"floorId":"f_9b34472d80f1af20","geometryId":"g_e4f23361e6408ee9"},{"floorId":"f_9b34472d80f1af20","geometryId":"g_90f3b1b73d3075e0"},{"floorId":"f_9b34472d80f1af20","geometryId":"g_f095a1584317e5f2"},{"floorId":"f_9b34472d80f1af20","geometryId":"g_58e239ce7552572d"},{"floorId":"f_9b34472d80f1af20","geometryId":"g_48c0460b98728991"},{"floorId":"f_9b34472d80f1af20","geometryId":"g_b12d5f8002423fdd"},{"floorId":"f_9b34472d80f1af20","geometryId":"g_50172f086be3692a"},{"floorId":"f_9b34472d80f1af20","geometryId":"g_d047d603f2d354e6"},{"floorId":"f_9b34472d80f1af20","geometryId":"g_bd22c0b0e826b814"},{"floorId":"f_9b34472d80f1af20","geometryId":"g_1320fec8b2deab5d"},{"floorId":"f_9b34472d80f1af20","geometryId":"g_4c8f8ab825ca411d"},{"floorId":"f_9b34472d80f1af20","geometryId":"g_633b41e362175fc0"},{"floorId":"f_9b34472d80f1af20","geometryId":"g_e066579511a90207"},{"floorId":"f_9b34472d80f1af20","geometryId":"g_1f477f320bca3e07"},{"floorId":"f_9b34472d80f1af20","geometryId":"g_d17649e1e0027846"},{"floorId":"f_9b34472d80f1af20","geometryId":"g_ac3b9ae3d925488c"},{"floorId":"f_9b34472d80f1af20","geometryId":"g_e78d3a331e5a05bd"},{"floorId":"f_9b34472d80f1af20","geometryId":"g_be29d5b552b3c895"},{"floorId":"f_9b34472d80f1af20","geometryId":"g_6ac08252e0f41245"},{"floorId":"f_9b34472d80f1af20","geometryId":"g_f72c1e5f81537bdc"},{"floorId":"f_9b34472d80f1af20","geometryId":"g_ab0b4269f3320714"},{"floorId":"f_9b34472d80f1af20","geometryId":"g_9e72729b58130bba"},{"floorId":"f_9b34472d80f1af20","geometryId":"g_7a7324b324483a9e"},{"floorId":"f_9b34472d80f1af20","geometryId":"g_303088e49b559790"},{"floorId":"f_9b34472d80f1af20","geometryId":"g_c6bf44f0d102f009"},{"floorId":"f_9b34472d80f1af20","geometryId":"g_5808a09672741576"},{"floorId":"f_9b34472d80f1af20","geometryId":"g_a49eaf062ade11d2"},{"floorId":"f_9b34472d80f1af20","geometryId":"g_75eb77a8cfb0cfa3"},{"floorId":"f_9b34472d80f1af20","geometryId":"g_0fc47fa7d4a358ec"},{"floorId":"f_9b34472d80f1af20","geometryId":"g_3f8c877b99380f47"},{"floorId":"f_9b34472d80f1af20","geometryId":"g_b51dd4a55666976a"},{"floorId":"f_9b34472d80f1af20","geometryId":"g_99053fa6bd20d18d"},{"floorId":"f_9b34472d80f1af20","geometryId":"g_c85c1229d7e07084"},{"floorId":"f_9b34472d80f1af20","geometryId":"g_e055c96bcdcf4c63"},{"floorId":"f_9b34472d80f1af20","geometryId":"g_5321831f4807fe15"},{"floorId":"f_9b34472d80f1af20","geometryId":"g_3db2ed097c94d905"},{"floorId":"f_9b34472d80f1af20","geometryId":"g_ef7d5554f78d4442"},{"floorId":"f_9b34472d80f1af20","geometryId":"g_e468f8329e34647f"},{"floorId":"f_9b34472d80f1af20","geometryId":"g_ca78080fc9d967a9"},{"floorId":"f_9b34472d80f1af20","geometryId":"g_d7a412fd9b85fc5c"},{"floorId":"f_9b34472d80f1af20","geometryId":"g_c91c1dc10e82b466"},{"floorId":"f_9b34472d80f1af20","geometryId":"g_991134825ed6a932"},{"floorId":"f_9b34472d80f1af20","geometryId":"g_35c48a18806ad0ba"},{"floorId":"f_9b34472d80f1af20","geometryId":"g_12bc4cfc8b0e0d00"},{"floorId":"f_9b34472d80f1af20","geometryId":"g_f1425edd3117bdac"},{"floorId":"f_9b34472d80f1af20","geometryId":"g_0d1482164889b557"},{"floorId":"f_9b34472d80f1af20","geometryId":"g_6d7aa4dc2e54ee97"},{"floorId":"f_9b34472d80f1af20","geometryId":"g_eb79aae61d58ec1f"},{"floorId":"f_9b34472d80f1af20","geometryId":"g_ca5adb6f2ab74bc6"},{"floorId":"f_9b34472d80f1af20","geometryId":"g_13d25038a4c14b47"},{"floorId":"f_9b34472d80f1af20","geometryId":"g_cfbd02b2b7bb1207"},{"floorId":"f_9b34472d80f1af20","geometryId":"g_54e772117cbf3a0d"},{"floorId":"f_9b34472d80f1af20","geometryId":"g_6a218d2d1b4ada56"},{"floorId":"f_9b34472d80f1af20","geometryId":"g_1cba2027a0a204d7"},{"floorId":"f_9b34472d80f1af20","geometryId":"g_6b2e7aeae3d5b81a"},{"floorId":"f_9b34472d80f1af20","geometryId":"g_d2a6cf5efd3ea387"},{"floorId":"f_9b34472d80f1af20","geometryId":"g_c59da7dd319ed93c"},{"floorId":"f_9b34472d80f1af20","geometryId":"g_dc33f671bef7f099"},{"floorId":"f_9b34472d80f1af20","geometryId":"g_0dd9980ad8fa4e47"},{"floorId":"f_9b34472d80f1af20","geometryId":"g_d85c7c9f631e92f2"},{"floorId":"f_9b34472d80f1af20","geometryId":"g_b946efd326981c47"},{"floorId":"f_9b34472d80f1af20","geometryId":"g_9648e737260f668a"},{"floorId":"f_9b34472d80f1af20","geometryId":"g_3d0b00f4a2a6394b"},{"floorId":"f_9b34472d80f1af20","geometryId":"g_718310d8003889aa"},{"floorId":"f_9b34472d80f1af20","geometryId":"g_5da9297a6b03211e"},{"floorId":"f_9b34472d80f1af20","geometryId":"g_ad10b59c8fcc3fd7"},{"floorId":"f_9b34472d80f1af20","geometryId":"g_3659145b56bf8b72"},{"floorId":"f_9b34472d80f1af20","geometryId":"g_51493389083b6c92"},{"floorId":"f_9b34472d80f1af20","geometryId":"g_176baed27cb5d297"},{"floorId":"f_9b34472d80f1af20","geometryId":"g_4a1f56eacfeef112"},{"floorId":"f_9b34472d80f1af20","geometryId":"g_20d7d54faf4359cc"},{"floorId":"f_9b34472d80f1af20","geometryId":"g_f396a859a6aab6f9"},{"floorId":"f_9b34472d80f1af20","geometryId":"g_144c36e2b0972012"},{"floorId":"f_9b34472d80f1af20","geometryId":"g_b201d1cccc1bbb14"},{"floorId":"f_9b34472d80f1af20","geometryId":"g_0772d38034774f08"},{"floorId":"f_9b34472d80f1af20","geometryId":"g_56ee198d943203fd"},{"floorId":"f_9b34472d80f1af20","geometryId":"g_45106e0c4680c4cf"},{"floorId":"f_9b34472d80f1af20","geometryId":"g_39dfe58af8ba460d"},{"floorId":"f_9b34472d80f1af20","geometryId":"g_f850f172e3f441eb"},{"floorId":"f_9b34472d80f1af20","geometryId":"g_5a94fa8cda2aa92a"},{"floorId":"f_9b34472d80f1af20","geometryId":"g_f313e22d444fb871"},{"floorId":"f_9b34472d80f1af20","geometryId":"g_bc056eda9d720872"},{"floorId":"f_9b34472d80f1af20","geometryId":"g_5bbf2f8d0b081ecb"},{"floorId":"f_9b34472d80f1af20","geometryId":"g_3a13695df2a019bb"},{"floorId":"f_9b34472d80f1af20","geometryId":"g_a510c8d4b7de1797"},{"floorId":"f_9b34472d80f1af20","geometryId":"g_ab32d255ef44f233"},{"floorId":"f_9b34472d80f1af20","geometryId":"g_ac16dbf2e0aab94c"},{"floorId":"f_9b34472d80f1af20","geometryId":"g_71f8bb7e75d83a72"},{"floorId":"f_9b34472d80f1af20","geometryId":"g_2ce2228b469ec9af"},{"floorId":"f_9b34472d80f1af20","geometryId":"g_e0cb3b02764eaf94"},{"floorId":"f_9b34472d80f1af20","geometryId":"g_c2b980cc3522bf8b"},{"floorId":"f_9b34472d80f1af20","geometryId":"g_ad36443cecd38257"},{"floorId":"f_9b34472d80f1af20","geometryId":"g_94a88c52503dbba5"},{"floorId":"f_9b34472d80f1af20","geometryId":"g_156c7112c31a8365"},{"floorId":"f_9b34472d80f1af20","geometryId":"g_9fd3180f4f21ae82"},{"floorId":"f_9b34472d80f1af20","geometryId":"g_c6820141c95cd101"},{"floorId":"f_9b34472d80f1af20","geometryId":"g_5d75a956255d5c0b"},{"floorId":"f_9b34472d80f1af20","geometryId":"g_cd0a410b8f6ab683"},{"floorId":"f_9b34472d80f1af20","geometryId":"g_53bc8a627bb3fa1c"},{"floorId":"f_9b34472d80f1af20","geometryId":"g_83606780a4fc4a40"},{"floorId":"f_9b34472d80f1af20","geometryId":"g_29fc2afc2c1b0677"},{"floorId":"f_9b34472d80f1af20","geometryId":"g_e17ea742c417d696"},{"floorId":"f_9b34472d80f1af20","geometryId":"g_b339cc3d5a29632f"},{"floorId":"f_9b34472d80f1af20","geometryId":"g_88c323b7729933af"},{"floorId":"f_9b34472d80f1af20","geometryId":"g_f86265a7cb46cac8"},{"floorId":"f_9b34472d80f1af20","geometryId":"g_ef3aa3e108763cd4"},{"floorId":"f_9b34472d80f1af20","geometryId":"g_18bdb0a8100a65a5"},{"floorId":"f_9b34472d80f1af20","geometryId":"g_6ff0b22c20dccd2b"},{"floorId":"f_9b34472d80f1af20","geometryId":"g_4b5ae481dacd241f"},{"floorId":"f_9b34472d80f1af20","geometryId":"g_09f54bdd29a8ce8f"},{"floorId":"f_9b34472d80f1af20","geometryId":"g_a5ebaeed9ad9fc18"},{"floorId":"f_9b34472d80f1af20","geometryId":"g_e7fa1fd373d3019c"},{"floorId":"f_9b34472d80f1af20","geometryId":"g_3fc55f676a1445df"},{"floorId":"f_9b34472d80f1af20","geometryId":"g_d4e8d5eb67467a50"},{"floorId":"f_9b34472d80f1af20","geometryId":"g_6395fe76341e5996"},{"floorId":"f_9b34472d80f1af20","geometryId":"g_167c73d67c494a58"},{"floorId":"f_9b34472d80f1af20","geometryId":"g_0c592694bb4ef2eb"},{"floorId":"f_9b34472d80f1af20","geometryId":"g_ca1e8a6938b3d85e"},{"floorId":"f_9b34472d80f1af20","geometryId":"g_1e9d4dd758bdf4a1"},{"floorId":"f_9b34472d80f1af20","geometryId":"g_a71a95b738e6f23d"},{"floorId":"f_9b34472d80f1af20","geometryId":"g_2ec55cf3379f6829"},{"floorId":"f_9b34472d80f1af20","geometryId":"g_cea0632fe6c8fe3f"},{"floorId":"f_9b34472d80f1af20","geometryId":"g_33d1556291571e7f"},{"floorId":"f_9b34472d80f1af20","geometryId":"g_ea306173446154db"},{"floorId":"f_9b34472d80f1af20","geometryId":"g_482ce521669d0e13"},{"floorId":"f_9b34472d80f1af20","geometryId":"g_e4aa495c08ed115a"},{"floorId":"f_9b34472d80f1af20","geometryId":"g_d732495729e46c9c"},{"floorId":"f_9b34472d80f1af20","geometryId":"g_e448a20b8a3fec7b"},{"floorId":"f_9b34472d80f1af20","geometryId":"g_0c9aafa946595aec"},{"floorId":"f_9b34472d80f1af20","geometryId":"g_59bad9647a5a48f9"},{"floorId":"f_9b34472d80f1af20","geometryId":"g_c22a30ec0fb9264b"},{"floorId":"f_9b34472d80f1af20","geometryId":"g_92786660955d9132"},{"floorId":"f_9b34472d80f1af20","geometryId":"g_574945d219172295"},{"floorId":"f_9b34472d80f1af20","geometryId":"g_8cc9f4c3c9e98a21"},{"floorId":"f_9b34472d80f1af20","geometryId":"g_8cbaed10beb25812"},{"floorId":"f_9b34472d80f1af20","geometryId":"g_cc92b932356a8a88"},{"floorId":"f_9b34472d80f1af20","geometryId":"g_763c02ecb2aed326"},{"floorId":"f_9b34472d80f1af20","geometryId":"g_10a5249f2727f496"},{"floorId":"f_9b34472d80f1af20","geometryId":"g_d59533f60be38e2d"},{"floorId":"f_9b34472d80f1af20","geometryId":"g_85c3db984571e7a9"},{"floorId":"f_9b34472d80f1af20","geometryId":"g_7c435242a3900cdc"},{"floorId":"f_9b34472d80f1af20","geometryId":"g_cdc4c1edf65b4941"},{"floorId":"f_9b34472d80f1af20","geometryId":"g_7f6dcf41d6b87657"},{"floorId":"f_9b34472d80f1af20","geometryId":"g_4bcee4ae222729c6"},{"floorId":"f_9b34472d80f1af20","geometryId":"g_cee5c4b1d7a35fd5"},{"floorId":"f_9b34472d80f1af20","geometryId":"g_b7def00f13daff0a"},{"floorId":"f_9b34472d80f1af20","geometryId":"g_0b994ab332953150"},{"floorId":"f_9b34472d80f1af20","geometryId":"g_4834fc11d68e1e6e"},{"floorId":"f_9b34472d80f1af20","geometryId":"g_93c979fa271ad77b"},{"floorId":"f_9b34472d80f1af20","geometryId":"g_af71c997823b422e"},{"floorId":"f_9b34472d80f1af20","geometryId":"g_f24bb29e13aea537"},{"floorId":"f_9b34472d80f1af20","geometryId":"g_4cf7fc19b4ca2ea8"},{"floorId":"f_9b34472d80f1af20","geometryId":"g_2b9666b8ad849a1e"},{"floorId":"f_9b34472d80f1af20","geometryId":"g_daa04f9108b31f2a"},{"floorId":"f_9b34472d80f1af20","geometryId":"g_9f7a9c2320237eb6"},{"floorId":"f_9b34472d80f1af20","geometryId":"g_b65b9a3119da6824"},{"floorId":"f_9b34472d80f1af20","geometryId":"g_82e4bac65df77133"},{"floorId":"f_9b34472d80f1af20","geometryId":"g_2fdc0b8d7f3241ca"},{"floorId":"f_9b34472d80f1af20","geometryId":"g_63210dc173250555"},{"floorId":"f_9b34472d80f1af20","geometryId":"g_4a5116b23479b721"},{"floorId":"f_9b34472d80f1af20","geometryId":"g_f5b6c0bada7e98fb"},{"floorId":"f_9b34472d80f1af20","geometryId":"g_2ed42fd9119482de"},{"floorId":"f_9b34472d80f1af20","geometryId":"g_3a04b9b6313c79e3"},{"floorId":"f_9b34472d80f1af20","geometryId":"g_a2da42aa46f11896"},{"floorId":"f_9b34472d80f1af20","geometryId":"g_2df1c2f04a196b5c"},{"floorId":"f_9b34472d80f1af20","geometryId":"g_dc057a256fd1697d"},{"floorId":"f_9b34472d80f1af20","geometryId":"g_e0707563b7db7299"},{"floorId":"f_9b34472d80f1af20","geometryId":"g_3e59eebf4ab13169"},{"floorId":"f_9b34472d80f1af20","geometryId":"g_25fc69ed0c336e9a"},{"floorId":"f_9b34472d80f1af20","geometryId":"g_4b5ef02275c195c3"},{"floorId":"f_9b34472d80f1af20","geometryId":"g_98a7beeecbfbecdd"},{"floorId":"f_9b34472d80f1af20","geometryId":"g_aefdf04ef76844b3"},{"floorId":"f_9b34472d80f1af20","geometryId":"g_ef282e230014fff5"},{"floorId":"f_9b34472d80f1af20","geometryId":"g_0e745598d10feadb"},{"floorId":"f_9b34472d80f1af20","geometryId":"g_f412dc9d7464db52"},{"floorId":"f_9b34472d80f1af20","geometryId":"g_25847d4bfb9dc854"},{"floorId":"f_9b34472d80f1af20","geometryId":"g_647d0bfb0f2f1952"},{"floorId":"f_9b34472d80f1af20","geometryId":"g_9949fb8ea8fbc8b0"},{"floorId":"f_9b34472d80f1af20","geometryId":"g_8c77867d172235e1"},{"floorId":"f_9b34472d80f1af20","geometryId":"g_74a7ca7f216c60cc"},{"floorId":"f_9b34472d80f1af20","geometryId":"g_f78b3c33487e988e"},{"floorId":"f_9b34472d80f1af20","geometryId":"g_01641b3364d86c5e"},{"floorId":"f_9b34472d80f1af20","geometryId":"g_a08e7e8f144bafbc"},{"floorId":"f_9b34472d80f1af20","geometryId":"g_21657b1c3eceed7f"},{"floorId":"f_9b34472d80f1af20","geometryId":"g_448fab9b932464bb"},{"floorId":"f_9b34472d80f1af20","geometryId":"g_a8b318f22e807956"},{"floorId":"f_9b34472d80f1af20","geometryId":"g_886dbfa7e803d156"},{"floorId":"f_9b34472d80f1af20","geometryId":"g_c8fcb51e477200ea"},{"floorId":"f_9b34472d80f1af20","geometryId":"g_147db6144cf64cdc"},{"floorId":"f_9b34472d80f1af20","geometryId":"g_9feec3c79d29b56b"},{"floorId":"f_9b34472d80f1af20","geometryId":"g_467c559f93b4e2d5"},{"floorId":"f_9b34472d80f1af20","geometryId":"g_eb05f3af9fc45e69"},{"floorId":"f_9b34472d80f1af20","geometryId":"g_c1885eb0afaae3bd"},{"floorId":"f_9b34472d80f1af20","geometryId":"g_1fcbc2ee470bb337"},{"floorId":"f_9b34472d80f1af20","geometryId":"g_ef505f1b3ebfb2fb"},{"floorId":"f_9b34472d80f1af20","geometryId":"g_c14c1ffebb873f15"},{"floorId":"f_9b34472d80f1af20","geometryId":"g_d3bc45416d69696f"},{"floorId":"f_9b34472d80f1af20","geometryId":"g_f6d43575c1fad229"},{"floorId":"f_9b34472d80f1af20","geometryId":"g_b5b01325d1e3b458"},{"floorId":"f_9b34472d80f1af20","geometryId":"g_5b6d23e28e05f11b"},{"floorId":"f_9b34472d80f1af20","geometryId":"g_bd323931ee8a63a4"},{"floorId":"f_9b34472d80f1af20","geometryId":"g_74dd93c838126912"},{"floorId":"f_9b34472d80f1af20","geometryId":"g_eb6d34a885af6f78"}],"altitude":0,"color":"#cecece","height":0.5,"opacity":1,"buffer":0},"RoomsWithImage":{"geometryAnchors":[],"altitude":0,"color":"#f5f5f5","height":0.1,"opacity":1,"buffer":0},"BathroomsWithImage":{"geometryAnchors":[],"altitude":0,"color":"#E6F4FB","height":0.1,"opacity":1,"buffer":0},"InaccessibleRoomsWithImage":{"geometryAnchors":[],"altitude":0,"color":"#F3F0E7","height":0.98,"opacity":1,"buffer":0},"PointsWithImage":{"geometryAnchors":[],"altitude":0,"color":"#000000","height":0,"opacity":1,"buffer":0},"HallwaysWithImage":{"geometryAnchors":[],"altitude":0,"color":"#ffffff","height":0.08,"opacity":1,"buffer":0},"InaccessibleHallwaysWithImage":{"geometryAnchors":[],"altitude":0,"color":"#F3F0E7","height":0.08,"opacity":1,"buffer":0},"DesksWithImage":{"geometryAnchors":[],"altitude":0,"color":"#cecece","height":0.5,"opacity":1,"buffer":0},"BuildingOutlines":{"geometryAnchors":[],"altitude":0,"color":"#ffffff","height":2,"opacity":1,"buffer":0}}