[{"id":"loc_3fd34fd389e62013","categories":[],"social":[],"images":[],"links":[],"openingHours":[],"details":{"name":"Desk 167"},"geometryAnchors":[{"geometryId":"g_b86a2aa8531dc5b2","floorId":"f_9b34472d80f1af20"}]},{"id":"loc_64baeac0e644e4ef","categories":[],"social":[],"images":[],"links":[],"openingHours":[],"details":{"name":"Spruce Meeting Room ","description":"Perfect for medium-sized team discussions, brainstorming sessions, or project collaboration.\n\nIncludes: Whiteboard, Screen"},"geometryAnchors":[{"geometryId":"g_16f4b05a958ebcdb","floorId":"f_77f55097629d2f4e"}]},{"id":"loc_3ebeee3db7e3a3f0","categories":[],"social":[],"images":[],"links":[],"openingHours":[],"details":{"name":"Focus Room 203 🎧","description":"Small, private space designed for individual work, deep concentration,  and soundproofing features. \n\nThese rooms offer a quiet environment away from the open office setting."},"geometryAnchors":[{"geometryId":"g_1ac51986db5dc708","floorId":"f_77f55097629d2f4e"}]},{"id":"loc_f53e8bbd865f4ba6","categories":[],"social":[],"images":[],"links":[],"openingHours":[],"details":{"name":"Desk 185"},"geometryAnchors":[{"geometryId":"g_e78d3a331e5a05bd","floorId":"f_9b34472d80f1af20"}]},{"id":"loc_187281923726b3f5","categories":[],"social":[],"images":[],"links":[],"openingHours":[],"details":{"name":"Desk 170"},"geometryAnchors":[{"geometryId":"g_bd22c0b0e826b814","floorId":"f_9b34472d80f1af20"}]},{"id":"loc_d520bddeb19e0bd0","categories":[],"social":[],"images":[],"links":[],"openingHours":[],"details":{"name":"Office 206 💼"},"geometryAnchors":[{"geometryId":"g_4fe4c0b5c6573c04","floorId":"f_77f55097629d2f4e"}]},{"id":"loc_41e4886306c79552","categories":[],"social":[],"images":[],"links":[],"openingHours":[],"details":{"name":"Kitchen 🍽️"},"geometryAnchors":[{"geometryId":"g_4ddf404dece1ba34","floorId":"f_9b34472d80f1af20"}]},{"id":"loc_3d12d45821d905ac","categories":[],"social":[],"images":[],"links":[],"openingHours":[],"details":{"name":"Focus Room 102 🎧","description":"Small, private space designed for individual work, deep concentration,  and soundproofing features. \n\nThese rooms offer a quiet environment away from the open office setting."},"geometryAnchors":[{"geometryId":"g_ea84f67b92c01c93","floorId":"f_9b34472d80f1af20"}]},{"id":"loc_34441fb6b01396fb","categories":[],"social":[],"images":[],"links":[],"openingHours":[],"details":{"name":"Stairs 1"},"geometryAnchors":[{"geometryId":"g_1b8dbc099e7eccf2","floorId":"f_77f55097629d2f4e"},{"geometryId":"g_e827f88ce25f8f02","floorId":"f_9b34472d80f1af20"},{"geometryId":"g_1b8dbc099e7eccf2","floorId":"f_77f55097629d2f4e"},{"geometryId":"g_e827f88ce25f8f02","floorId":"f_9b34472d80f1af20"}]},{"id":"loc_ef6e5025f9fb2f4f","categories":[],"social":[],"images":[],"links":[],"openingHours":[],"details":{"name":"Office 208 💼"},"geometryAnchors":[{"geometryId":"g_d9cc908b0927bbc5","floorId":"f_77f55097629d2f4e"}]},{"id":"loc_7a2bc3cf39f5d09f","categories":[],"social":[],"images":[],"links":[],"openingHours":[],"details":{"name":"Office 109 💼"},"geometryAnchors":[{"geometryId":"g_2ffd964c811195d3","floorId":"f_9b34472d80f1af20"}]},{"id":"loc_dad2ea53f56844bf","categories":[],"social":[],"images":[],"links":[],"openingHours":[],"details":{"name":"Office 111 💼"},"geometryAnchors":[{"geometryId":"g_3d0abda501ca2952","floorId":"f_9b34472d80f1af20"}]},{"id":"loc_a3c0f90a8bf3b59d","categories":[],"social":[],"images":[],"links":[],"openingHours":[],"details":{"name":"Desk 181"},"geometryAnchors":[{"geometryId":"g_f095a1584317e5f2","floorId":"f_9b34472d80f1af20"}]},{"id":"loc_cfe49acb3f483bda","categories":[],"social":[],"images":[],"links":[],"openingHours":[],"details":{"name":"Stairs 2"},"geometryAnchors":[{"geometryId":"g_55b1a8ab297ed56a","floorId":"f_77f55097629d2f4e"},{"geometryId":"g_4593842f57fe668c","floorId":"f_9b34472d80f1af20"},{"geometryId":"g_55b1a8ab297ed56a","floorId":"f_77f55097629d2f4e"},{"geometryId":"g_4593842f57fe668c","floorId":"f_9b34472d80f1af20"}]},{"id":"loc_328971cf08e0a72e","categories":[],"social":[],"images":[],"links":[],"openingHours":[],"details":{"name":"Office 204 💼"},"geometryAnchors":[{"geometryId":"g_9e9e3e8912a0ffbc","floorId":"f_77f55097629d2f4e"}]},{"id":"loc_c6b5313398fd60c8","categories":[],"social":[],"images":[],"links":[],"openingHours":[],"details":{"name":"Desk 177"},"geometryAnchors":[{"geometryId":"g_df10af2e7d7399e8","floorId":"f_9b34472d80f1af20"}]},{"id":"loc_d52a27481125b9aa","categories":[],"social":[],"images":[],"links":[],"openingHours":[],"details":{"name":"Focus Room 201 🎧","description":"Small, private space designed for individual work, deep concentration,  and soundproofing features. \n\nThese rooms offer a quiet environment away from the open office setting."},"geometryAnchors":[{"geometryId":"g_d2285d3e0cccac21","floorId":"f_77f55097629d2f4e"}]},{"id":"loc_3f265a7ef5cc9411","categories":[],"social":[],"images":[],"links":[],"openingHours":[],"details":{"name":"Desk 174"},"geometryAnchors":[{"geometryId":"g_8ae90e460bf91cea","floorId":"f_9b34472d80f1af20"}]},{"id":"loc_e5fa4bf3cb15ba94","categories":[],"social":[],"images":[],"links":[],"openingHours":[],"details":{"name":"Desk 129"},"geometryAnchors":[{"geometryId":"g_bc00a2b88a2e6b62","floorId":"f_9b34472d80f1af20"}]},{"id":"loc_4b985584a11bf583","categories":[],"social":[],"images":[],"links":[],"openingHours":[],"details":{"name":"Tamarack Meeting Room","description":"Larger, executive-level meeting space for strategic discussions, client meetings, and formal presentations. \n\nIncludes: Video conferencing, Whiteboard"},"geometryAnchors":[{"geometryId":"g_c0a5e8bcb58b7e55","floorId":"f_77f55097629d2f4e"}]},{"id":"loc_4c5e48c11efdafaf","categories":[],"social":[],"images":[],"links":[],"openingHours":[],"details":{"name":"Desk 135"},"geometryAnchors":[{"geometryId":"g_e18b3c5a23622887","floorId":"f_9b34472d80f1af20"}]},{"id":"loc_ba3ddc3a0f5f701f","categories":[],"social":[],"images":[],"links":[],"openingHours":[],"details":{"name":"Seat Y"},"geometryAnchors":[{"geometryId":"g_f541bb2268c83a31","floorId":"f_77f55097629d2f4e"},{"geometryId":"g_e09f09a7e18c6947","floorId":"f_77f55097629d2f4e"},{"geometryId":"g_01f1b70749cdf251","floorId":"f_77f55097629d2f4e"},{"geometryId":"g_139a125393293cbe","floorId":"f_77f55097629d2f4e"},{"geometryId":"g_8446930b24a47df7","floorId":"f_77f55097629d2f4e"},{"geometryId":"g_4383286175a007e7","floorId":"f_77f55097629d2f4e"},{"geometryId":"g_0d426a9b4b7327a3","floorId":"f_77f55097629d2f4e"},{"geometryId":"g_15bd16baf1cc9e3c","floorId":"f_77f55097629d2f4e"},{"geometryId":"g_bb78c953e09e1b49","floorId":"f_77f55097629d2f4e"},{"geometryId":"g_9875652d6918497e","floorId":"f_77f55097629d2f4e"},{"geometryId":"g_8f60f0109750dd46","floorId":"f_77f55097629d2f4e"},{"geometryId":"g_c0fb4a9b3c40c824","floorId":"f_77f55097629d2f4e"},{"geometryId":"g_9c2c734f8e0230d9","floorId":"f_77f55097629d2f4e"},{"geometryId":"g_19f7243186efe529","floorId":"f_77f55097629d2f4e"},{"geometryId":"g_976be6629b2b9b25","floorId":"f_77f55097629d2f4e"},{"geometryId":"g_88961a0ec2d21e9c","floorId":"f_77f55097629d2f4e"},{"geometryId":"g_7af71b8df0e592c8","floorId":"f_77f55097629d2f4e"},{"geometryId":"g_64440f321e5aff3c","floorId":"f_77f55097629d2f4e"},{"geometryId":"g_f8f0c577fade1357","floorId":"f_77f55097629d2f4e"},{"geometryId":"g_c65e777f530680ae","floorId":"f_77f55097629d2f4e"},{"geometryId":"g_db25190ab033b324","floorId":"f_77f55097629d2f4e"},{"geometryId":"g_f5d6eecb773b5acd","floorId":"f_77f55097629d2f4e"},{"geometryId":"g_3a997b6311a25012","floorId":"f_77f55097629d2f4e"},{"geometryId":"g_13d679d1fc943b36","floorId":"f_77f55097629d2f4e"},{"geometryId":"g_6f1c0fdd758fc49c","floorId":"f_77f55097629d2f4e"},{"geometryId":"g_ca33a76ab94035d9","floorId":"f_77f55097629d2f4e"},{"geometryId":"g_b13d57e7a6be93a7","floorId":"f_77f55097629d2f4e"},{"geometryId":"g_27207f2fd88fc287","floorId":"f_77f55097629d2f4e"},{"geometryId":"g_4d56d960dc50832e","floorId":"f_77f55097629d2f4e"},{"geometryId":"g_81f0fc60bb3d89c6","floorId":"f_77f55097629d2f4e"},{"geometryId":"g_9dfb1d2e1698054b","floorId":"f_77f55097629d2f4e"},{"geometryId":"g_66bf081ec2a1176b","floorId":"f_77f55097629d2f4e"},{"geometryId":"g_ad10b59c8fcc3fd7","floorId":"f_9b34472d80f1af20"},{"geometryId":"g_3659145b56bf8b72","floorId":"f_9b34472d80f1af20"},{"geometryId":"g_56ee198d943203fd","floorId":"f_9b34472d80f1af20"},{"geometryId":"g_bc056eda9d720872","floorId":"f_9b34472d80f1af20"}]},{"id":"loc_1d8ebc61efe6d080","categories":[],"social":[],"images":[],"links":[],"openingHours":[],"details":{"name":"Huddle 105 💡 ","description":"Small, informal meeting space designed for quick discussions, brainstorming sessions, or impromptu collaboration. "},"geometryAnchors":[{"geometryId":"g_b614a131b92db183","floorId":"f_9b34472d80f1af20"}]},{"id":"loc_8909017c4b5b62b5","categories":[],"social":[],"images":[],"links":[],"openingHours":[],"details":{"name":"Elevator 2"},"geometryAnchors":[{"geometryId":"g_338708e2f30f8813","floorId":"f_77f55097629d2f4e"},{"geometryId":"g_edfbac1583e19167","floorId":"f_9b34472d80f1af20"},{"geometryId":"g_338708e2f30f8813","floorId":"f_77f55097629d2f4e"},{"geometryId":"g_edfbac1583e19167","floorId":"f_9b34472d80f1af20"}]},{"id":"loc_00562c40caa73220","categories":[],"social":[],"images":[],"links":[],"openingHours":[],"details":{"name":"Focus 103 🎧","description":"Small, private space designed for individual work, deep concentration,  and soundproofing features. \n\nThese rooms offer a quiet environment away from the open office setting."},"geometryAnchors":[{"geometryId":"g_e51460cff1e5797d","floorId":"f_9b34472d80f1af20"}]},{"id":"loc_830212afb9efd8f0","categories":[],"social":[],"images":[],"links":[],"openingHours":[],"details":{"name":"Focus 102 🎧","description":"Small, private space designed for individual work, deep concentration,  and soundproofing features. \n\nThese rooms offer a quiet environment away from the open office setting."},"geometryAnchors":[{"geometryId":"g_483a2be997bb014a","floorId":"f_9b34472d80f1af20"}]},{"id":"loc_93d5ce187d2d3a16","categories":[],"social":[],"images":[],"links":[],"openingHours":[],"details":{"name":"Focus Room 101 🎧","description":"Small, private space designed for individual work, deep concentration,  and soundproofing features. \n\nThese rooms offer a quiet environment away from the open office setting."},"geometryAnchors":[{"geometryId":"g_aa3b1e2b210a0788","floorId":"f_9b34472d80f1af20"}]},{"id":"loc_6ce29fc5dcc13f70","categories":[],"social":[],"images":[],"links":[],"openingHours":[],"details":{"name":"Desk 194"},"geometryAnchors":[{"geometryId":"g_e4f23361e6408ee9","floorId":"f_9b34472d80f1af20"}]},{"id":"loc_c845bb8c79faf405","categories":[],"social":[],"images":[],"links":[],"openingHours":[],"details":{"name":"Juniper Meeting Room","description":"Perfect for small team discussions, brainstorming sessions, or project collaboration.\n\nIncludes: Whiteboard, Screen"},"geometryAnchors":[{"geometryId":"g_7ccb89add7cadfe3","floorId":"f_77f55097629d2f4e"}]},{"id":"loc_a8594ffe7378346b","categories":[],"social":[],"images":[],"links":[],"openingHours":[],"details":{"name":"Seat"},"geometryAnchors":[{"geometryId":"g_adf9a45e7d3448e0","floorId":"f_77f55097629d2f4e"},{"geometryId":"g_dc7276e3ceaeb4d5","floorId":"f_77f55097629d2f4e"},{"geometryId":"g_00676a5ac57612e7","floorId":"f_77f55097629d2f4e"},{"geometryId":"g_0f230f63c1c4b69c","floorId":"f_77f55097629d2f4e"},{"geometryId":"g_8cec027e8a4fd975","floorId":"f_77f55097629d2f4e"},{"geometryId":"g_6e1147e41d654836","floorId":"f_77f55097629d2f4e"},{"geometryId":"g_566b63cbe14e16a2","floorId":"f_77f55097629d2f4e"},{"geometryId":"g_954285b3744fcf23","floorId":"f_77f55097629d2f4e"},{"geometryId":"g_4e83b1501b53f8df","floorId":"f_77f55097629d2f4e"},{"geometryId":"g_1619d0d2751af5b3","floorId":"f_77f55097629d2f4e"},{"geometryId":"g_5f2914a866c9a1ab","floorId":"f_77f55097629d2f4e"},{"geometryId":"g_078aaaf4e5139dde","floorId":"f_77f55097629d2f4e"},{"geometryId":"g_a2ad2fe3fb31ecb8","floorId":"f_77f55097629d2f4e"},{"geometryId":"g_9097c4b026a142c1","floorId":"f_77f55097629d2f4e"},{"geometryId":"g_bf58ae5144801940","floorId":"f_77f55097629d2f4e"},{"geometryId":"g_2fbce64c61211ed3","floorId":"f_77f55097629d2f4e"},{"geometryId":"g_664c16b4f2c97641","floorId":"f_77f55097629d2f4e"},{"geometryId":"g_34d8241490068726","floorId":"f_77f55097629d2f4e"},{"geometryId":"g_865d01f3df3cb1b9","floorId":"f_77f55097629d2f4e"},{"geometryId":"g_847f2ef30c9a3091","floorId":"f_77f55097629d2f4e"},{"geometryId":"g_93d232749058a57c","floorId":"f_77f55097629d2f4e"},{"geometryId":"g_f30a85a41cd1b732","floorId":"f_77f55097629d2f4e"},{"geometryId":"g_3ef431aaf632f7b7","floorId":"f_77f55097629d2f4e"},{"geometryId":"g_95c7259928a98e2d","floorId":"f_77f55097629d2f4e"},{"geometryId":"g_72ce6412905ca5aa","floorId":"f_77f55097629d2f4e"},{"geometryId":"g_5cd803de50fcc672","floorId":"f_77f55097629d2f4e"},{"geometryId":"g_cdd071ec2d843c51","floorId":"f_77f55097629d2f4e"},{"geometryId":"g_fe2c2bb000eb3394","floorId":"f_77f55097629d2f4e"},{"geometryId":"g_2427553430d94f35","floorId":"f_77f55097629d2f4e"},{"geometryId":"g_b46cf648897265a6","floorId":"f_77f55097629d2f4e"},{"geometryId":"g_080c857dde9064d1","floorId":"f_77f55097629d2f4e"},{"geometryId":"g_8de0639dfa22cdb5","floorId":"f_77f55097629d2f4e"},{"geometryId":"g_ba16b65eb4655235","floorId":"f_77f55097629d2f4e"},{"geometryId":"g_ea3fad94712ee8a1","floorId":"f_77f55097629d2f4e"},{"geometryId":"g_530f64c33b1b6244","floorId":"f_77f55097629d2f4e"},{"geometryId":"g_96e6e125f338f69b","floorId":"f_77f55097629d2f4e"},{"geometryId":"g_c7cf5af4e7fb5395","floorId":"f_77f55097629d2f4e"},{"geometryId":"g_11c2c9adf0bd3805","floorId":"f_77f55097629d2f4e"},{"geometryId":"g_aab71a1eac04f99e","floorId":"f_77f55097629d2f4e"},{"geometryId":"g_84fd0a08f63d5796","floorId":"f_77f55097629d2f4e"},{"geometryId":"g_2caa634a7447b5f4","floorId":"f_77f55097629d2f4e"},{"geometryId":"g_b8db0ac4fdbba6ac","floorId":"f_77f55097629d2f4e"},{"geometryId":"g_464f2e07d957af82","floorId":"f_77f55097629d2f4e"},{"geometryId":"g_a6ede5267f99521b","floorId":"f_77f55097629d2f4e"},{"geometryId":"g_504a693f05e91f6b","floorId":"f_77f55097629d2f4e"},{"geometryId":"g_aaeea3773e7287b1","floorId":"f_77f55097629d2f4e"},{"geometryId":"g_d2072c57d695d8aa","floorId":"f_77f55097629d2f4e"},{"geometryId":"g_25966620880ddda3","floorId":"f_77f55097629d2f4e"},{"geometryId":"g_78f5c4b2b06becfa","floorId":"f_77f55097629d2f4e"},{"geometryId":"g_a070ebf8e039bcaf","floorId":"f_77f55097629d2f4e"},{"geometryId":"g_9b7d8256cebccf8a","floorId":"f_77f55097629d2f4e"},{"geometryId":"g_0b312c2e810ee3e3","floorId":"f_77f55097629d2f4e"},{"geometryId":"g_61f59075e7889ae4","floorId":"f_77f55097629d2f4e"},{"geometryId":"g_e44487a4864bfbd3","floorId":"f_77f55097629d2f4e"},{"geometryId":"g_a4fd4ba43f2e02d8","floorId":"f_77f55097629d2f4e"},{"geometryId":"g_68b347fd90d44677","floorId":"f_77f55097629d2f4e"},{"geometryId":"g_a47692542a5b9408","floorId":"f_77f55097629d2f4e"},{"geometryId":"g_0d1d5aed3caf8f1d","floorId":"f_77f55097629d2f4e"},{"geometryId":"g_daa464effa62b639","floorId":"f_77f55097629d2f4e"},{"geometryId":"g_996f504bdb4b2677","floorId":"f_77f55097629d2f4e"},{"geometryId":"g_4ff589f7fba8f2da","floorId":"f_77f55097629d2f4e"},{"geometryId":"g_780d9c1fabd01723","floorId":"f_77f55097629d2f4e"},{"geometryId":"g_5d5b1366191fa79a","floorId":"f_77f55097629d2f4e"},{"geometryId":"g_e117e844b0b9e407","floorId":"f_77f55097629d2f4e"},{"geometryId":"g_c3c70cffde4f6593","floorId":"f_77f55097629d2f4e"},{"geometryId":"g_fedf57efd1c7fdd2","floorId":"f_77f55097629d2f4e"},{"geometryId":"g_a37b43dc079b326d","floorId":"f_77f55097629d2f4e"},{"geometryId":"g_a306573b4a8e9928","floorId":"f_77f55097629d2f4e"},{"geometryId":"g_d7df688cb058f312","floorId":"f_77f55097629d2f4e"},{"geometryId":"g_db2c3602fb9df148","floorId":"f_77f55097629d2f4e"},{"geometryId":"g_eb9dfdb109a7faa8","floorId":"f_77f55097629d2f4e"},{"geometryId":"g_d26d1556f8ccedf0","floorId":"f_77f55097629d2f4e"},{"geometryId":"g_bf7304b776b492ff","floorId":"f_77f55097629d2f4e"},{"geometryId":"g_9a02addd6f3fe0b1","floorId":"f_77f55097629d2f4e"},{"geometryId":"g_c8d17427e7f3e59e","floorId":"f_77f55097629d2f4e"},{"geometryId":"g_6e59398e59e08403","floorId":"f_77f55097629d2f4e"},{"geometryId":"g_2cc5abbba1af4221","floorId":"f_77f55097629d2f4e"},{"geometryId":"g_ab9147a8230c626f","floorId":"f_77f55097629d2f4e"},{"geometryId":"g_b817989e013b1e89","floorId":"f_77f55097629d2f4e"},{"geometryId":"g_7956ca6b32afc830","floorId":"f_77f55097629d2f4e"},{"geometryId":"g_6b37679177fd8222","floorId":"f_77f55097629d2f4e"},{"geometryId":"g_835ff651629ade55","floorId":"f_77f55097629d2f4e"},{"geometryId":"g_230bf66158ebb141","floorId":"f_77f55097629d2f4e"},{"geometryId":"g_87c5b07be84c7ed4","floorId":"f_77f55097629d2f4e"},{"geometryId":"g_7c2a30d83ceaf537","floorId":"f_77f55097629d2f4e"},{"geometryId":"g_d7727e7baf185472","floorId":"f_77f55097629d2f4e"},{"geometryId":"g_1dae88359980fe32","floorId":"f_77f55097629d2f4e"},{"geometryId":"g_8400c960e8250d4d","floorId":"f_77f55097629d2f4e"},{"geometryId":"g_6ca7749d45069f51","floorId":"f_77f55097629d2f4e"},{"geometryId":"g_23c829dc7bd1e06e","floorId":"f_77f55097629d2f4e"},{"geometryId":"g_3602d8bf01774b94","floorId":"f_77f55097629d2f4e"},{"geometryId":"g_145698e6725193fe","floorId":"f_77f55097629d2f4e"},{"geometryId":"g_74768fb299ecc21e","floorId":"f_77f55097629d2f4e"},{"geometryId":"g_df7439cb9c130dc1","floorId":"f_77f55097629d2f4e"},{"geometryId":"g_afd1d68720037cf2","floorId":"f_77f55097629d2f4e"},{"geometryId":"g_d1da33f71cfefce5","floorId":"f_77f55097629d2f4e"},{"geometryId":"g_0f15bf5f6e25ba70","floorId":"f_77f55097629d2f4e"},{"geometryId":"g_b7bf3cebd72afe07","floorId":"f_77f55097629d2f4e"},{"geometryId":"g_2960ac1b8ff64df3","floorId":"f_77f55097629d2f4e"},{"geometryId":"g_a93c082c0346134e","floorId":"f_77f55097629d2f4e"},{"geometryId":"g_9cf65922b2b8c6ff","floorId":"f_77f55097629d2f4e"},{"geometryId":"g_1e5fdacdedf19f2e","floorId":"f_77f55097629d2f4e"},{"geometryId":"g_382f731c9f4d5dd6","floorId":"f_77f55097629d2f4e"},{"geometryId":"g_26fb3e5a44f587b2","floorId":"f_77f55097629d2f4e"},{"geometryId":"g_2aaf8dee4bab3138","floorId":"f_77f55097629d2f4e"},{"geometryId":"g_afd68064ed5f2d17","floorId":"f_77f55097629d2f4e"},{"geometryId":"g_81fb9292b16838fc","floorId":"f_77f55097629d2f4e"},{"geometryId":"g_d63be1bea77823d8","floorId":"f_77f55097629d2f4e"},{"geometryId":"g_ed6d652c76ab9766","floorId":"f_77f55097629d2f4e"},{"geometryId":"g_472e35422fe83e9f","floorId":"f_77f55097629d2f4e"},{"geometryId":"g_13dde85f423b0458","floorId":"f_77f55097629d2f4e"},{"geometryId":"g_20851ec26517fbde","floorId":"f_77f55097629d2f4e"},{"geometryId":"g_bd3569cb4aa97fbd","floorId":"f_77f55097629d2f4e"},{"geometryId":"g_f9340ec2c83c1585","floorId":"f_77f55097629d2f4e"},{"geometryId":"g_136b413246f93ff1","floorId":"f_77f55097629d2f4e"},{"geometryId":"g_2ad7a16755cd1d70","floorId":"f_77f55097629d2f4e"},{"geometryId":"g_8f99ec9541c86ea0","floorId":"f_77f55097629d2f4e"},{"geometryId":"g_66a25f95235e944e","floorId":"f_77f55097629d2f4e"},{"geometryId":"g_5e93430e837890a9","floorId":"f_77f55097629d2f4e"},{"geometryId":"g_ce6f934d7c85bc5c","floorId":"f_77f55097629d2f4e"},{"geometryId":"g_6143d6f45e18cc50","floorId":"f_77f55097629d2f4e"},{"geometryId":"g_ba0f5cf82e5a8910","floorId":"f_77f55097629d2f4e"},{"geometryId":"g_aac950bbb5885a79","floorId":"f_77f55097629d2f4e"},{"geometryId":"g_48ae777ad2553608","floorId":"f_77f55097629d2f4e"},{"geometryId":"g_27e44fab0895f7bf","floorId":"f_77f55097629d2f4e"},{"geometryId":"g_1b04129e39443d32","floorId":"f_77f55097629d2f4e"},{"geometryId":"g_bddf3852223ddd79","floorId":"f_77f55097629d2f4e"},{"geometryId":"g_78344ff15b14a65e","floorId":"f_77f55097629d2f4e"},{"geometryId":"g_dc0f392e94d4da25","floorId":"f_77f55097629d2f4e"},{"geometryId":"g_149386bbf4eb3e13","floorId":"f_77f55097629d2f4e"},{"geometryId":"g_889e0dcea4e79d51","floorId":"f_77f55097629d2f4e"},{"geometryId":"g_ca909e2e0de8efc3","floorId":"f_77f55097629d2f4e"},{"geometryId":"g_a98ad93261d049cc","floorId":"f_77f55097629d2f4e"},{"geometryId":"g_f986e7b7a886f336","floorId":"f_77f55097629d2f4e"},{"geometryId":"g_4884df833b1d9877","floorId":"f_77f55097629d2f4e"},{"geometryId":"g_7027f522efb661c3","floorId":"f_77f55097629d2f4e"},{"geometryId":"g_161bebbdbd3d63ee","floorId":"f_77f55097629d2f4e"},{"geometryId":"g_58b7c9708f266a63","floorId":"f_77f55097629d2f4e"},{"geometryId":"g_f10548edbdeeadf3","floorId":"f_77f55097629d2f4e"},{"geometryId":"g_8621bf4739513d9a","floorId":"f_77f55097629d2f4e"},{"geometryId":"g_53bed3a1b4660c91","floorId":"f_77f55097629d2f4e"},{"geometryId":"g_37216a05dbc922eb","floorId":"f_77f55097629d2f4e"},{"geometryId":"g_5ee19c6306cc2740","floorId":"f_77f55097629d2f4e"},{"geometryId":"g_9471a5083b1abdd5","floorId":"f_77f55097629d2f4e"},{"geometryId":"g_dfb49fa7b29d3d88","floorId":"f_77f55097629d2f4e"},{"geometryId":"g_6f20cfbae0a46410","floorId":"f_77f55097629d2f4e"},{"geometryId":"g_81ed7d8db8dda2d4","floorId":"f_77f55097629d2f4e"},{"geometryId":"g_93bd809b095c4502","floorId":"f_77f55097629d2f4e"},{"geometryId":"g_ade974a32740cc52","floorId":"f_77f55097629d2f4e"},{"geometryId":"g_a5ac28e59ebbb807","floorId":"f_77f55097629d2f4e"},{"geometryId":"g_3491409186e947a9","floorId":"f_77f55097629d2f4e"},{"geometryId":"g_2b09ebbdd347b6e1","floorId":"f_77f55097629d2f4e"},{"geometryId":"g_0acc5c7822c27fe9","floorId":"f_77f55097629d2f4e"},{"geometryId":"g_6f3bdc5e0e9a4889","floorId":"f_77f55097629d2f4e"},{"geometryId":"g_ec340ba792838159","floorId":"f_77f55097629d2f4e"},{"geometryId":"g_21496cfd220283e2","floorId":"f_77f55097629d2f4e"},{"geometryId":"g_56997a902302f8a0","floorId":"f_77f55097629d2f4e"},{"geometryId":"g_e583bb99d2de176a","floorId":"f_77f55097629d2f4e"},{"geometryId":"g_869bfa537a123780","floorId":"f_77f55097629d2f4e"},{"geometryId":"g_921f0463f48df2f8","floorId":"f_77f55097629d2f4e"},{"geometryId":"g_b2fe867d747d8fbb","floorId":"f_77f55097629d2f4e"},{"geometryId":"g_a3eca37b42fb754a","floorId":"f_77f55097629d2f4e"},{"geometryId":"g_96a0d0fceaaa0893","floorId":"f_77f55097629d2f4e"},{"geometryId":"g_741fb5cc0544346e","floorId":"f_77f55097629d2f4e"},{"geometryId":"g_906e251ef3962a46","floorId":"f_77f55097629d2f4e"},{"geometryId":"g_05b32974feeb1b48","floorId":"f_77f55097629d2f4e"},{"geometryId":"g_b946efd326981c47","floorId":"f_9b34472d80f1af20"},{"geometryId":"g_9648e737260f668a","floorId":"f_9b34472d80f1af20"},{"geometryId":"g_718310d8003889aa","floorId":"f_9b34472d80f1af20"},{"geometryId":"g_5da9297a6b03211e","floorId":"f_9b34472d80f1af20"},{"geometryId":"g_51493389083b6c92","floorId":"f_9b34472d80f1af20"},{"geometryId":"g_176baed27cb5d297","floorId":"f_9b34472d80f1af20"},{"geometryId":"g_4a1f56eacfeef112","floorId":"f_9b34472d80f1af20"},{"geometryId":"g_20d7d54faf4359cc","floorId":"f_9b34472d80f1af20"},{"geometryId":"g_144c36e2b0972012","floorId":"f_9b34472d80f1af20"},{"geometryId":"g_b201d1cccc1bbb14","floorId":"f_9b34472d80f1af20"},{"geometryId":"g_0772d38034774f08","floorId":"f_9b34472d80f1af20"},{"geometryId":"g_45106e0c4680c4cf","floorId":"f_9b34472d80f1af20"},{"geometryId":"g_39dfe58af8ba460d","floorId":"f_9b34472d80f1af20"},{"geometryId":"g_f850f172e3f441eb","floorId":"f_9b34472d80f1af20"},{"geometryId":"g_5a94fa8cda2aa92a","floorId":"f_9b34472d80f1af20"},{"geometryId":"g_f313e22d444fb871","floorId":"f_9b34472d80f1af20"},{"geometryId":"g_5bbf2f8d0b081ecb","floorId":"f_9b34472d80f1af20"},{"geometryId":"g_3a13695df2a019bb","floorId":"f_9b34472d80f1af20"},{"geometryId":"g_ab32d255ef44f233","floorId":"f_9b34472d80f1af20"},{"geometryId":"g_ac16dbf2e0aab94c","floorId":"f_9b34472d80f1af20"},{"geometryId":"g_71f8bb7e75d83a72","floorId":"f_9b34472d80f1af20"},{"geometryId":"g_2ce2228b469ec9af","floorId":"f_9b34472d80f1af20"},{"geometryId":"g_e0cb3b02764eaf94","floorId":"f_9b34472d80f1af20"},{"geometryId":"g_94a88c52503dbba5","floorId":"f_9b34472d80f1af20"},{"geometryId":"g_156c7112c31a8365","floorId":"f_9b34472d80f1af20"},{"geometryId":"g_9fd3180f4f21ae82","floorId":"f_9b34472d80f1af20"},{"geometryId":"g_c6820141c95cd101","floorId":"f_9b34472d80f1af20"},{"geometryId":"g_5d75a956255d5c0b","floorId":"f_9b34472d80f1af20"},{"geometryId":"g_cd0a410b8f6ab683","floorId":"f_9b34472d80f1af20"},{"geometryId":"g_53bc8a627bb3fa1c","floorId":"f_9b34472d80f1af20"},{"geometryId":"g_83606780a4fc4a40","floorId":"f_9b34472d80f1af20"},{"geometryId":"g_29fc2afc2c1b0677","floorId":"f_9b34472d80f1af20"},{"geometryId":"g_e17ea742c417d696","floorId":"f_9b34472d80f1af20"},{"geometryId":"g_b339cc3d5a29632f","floorId":"f_9b34472d80f1af20"},{"geometryId":"g_88c323b7729933af","floorId":"f_9b34472d80f1af20"},{"geometryId":"g_f86265a7cb46cac8","floorId":"f_9b34472d80f1af20"},{"geometryId":"g_ef3aa3e108763cd4","floorId":"f_9b34472d80f1af20"},{"geometryId":"g_18bdb0a8100a65a5","floorId":"f_9b34472d80f1af20"},{"geometryId":"g_6ff0b22c20dccd2b","floorId":"f_9b34472d80f1af20"},{"geometryId":"g_4b5ae481dacd241f","floorId":"f_9b34472d80f1af20"},{"geometryId":"g_09f54bdd29a8ce8f","floorId":"f_9b34472d80f1af20"},{"geometryId":"g_a5ebaeed9ad9fc18","floorId":"f_9b34472d80f1af20"},{"geometryId":"g_e7fa1fd373d3019c","floorId":"f_9b34472d80f1af20"},{"geometryId":"g_3fc55f676a1445df","floorId":"f_9b34472d80f1af20"},{"geometryId":"g_d4e8d5eb67467a50","floorId":"f_9b34472d80f1af20"},{"geometryId":"g_6395fe76341e5996","floorId":"f_9b34472d80f1af20"},{"geometryId":"g_167c73d67c494a58","floorId":"f_9b34472d80f1af20"},{"geometryId":"g_0c592694bb4ef2eb","floorId":"f_9b34472d80f1af20"},{"geometryId":"g_1e9d4dd758bdf4a1","floorId":"f_9b34472d80f1af20"},{"geometryId":"g_a71a95b738e6f23d","floorId":"f_9b34472d80f1af20"},{"geometryId":"g_2ec55cf3379f6829","floorId":"f_9b34472d80f1af20"},{"geometryId":"g_cea0632fe6c8fe3f","floorId":"f_9b34472d80f1af20"},{"geometryId":"g_33d1556291571e7f","floorId":"f_9b34472d80f1af20"},{"geometryId":"g_ea306173446154db","floorId":"f_9b34472d80f1af20"},{"geometryId":"g_482ce521669d0e13","floorId":"f_9b34472d80f1af20"},{"geometryId":"g_e4aa495c08ed115a","floorId":"f_9b34472d80f1af20"},{"geometryId":"g_e448a20b8a3fec7b","floorId":"f_9b34472d80f1af20"},{"geometryId":"g_0c9aafa946595aec","floorId":"f_9b34472d80f1af20"},{"geometryId":"g_59bad9647a5a48f9","floorId":"f_9b34472d80f1af20"},{"geometryId":"g_c22a30ec0fb9264b","floorId":"f_9b34472d80f1af20"},{"geometryId":"g_92786660955d9132","floorId":"f_9b34472d80f1af20"},{"geometryId":"g_574945d219172295","floorId":"f_9b34472d80f1af20"},{"geometryId":"g_8cc9f4c3c9e98a21","floorId":"f_9b34472d80f1af20"},{"geometryId":"g_8cbaed10beb25812","floorId":"f_9b34472d80f1af20"},{"geometryId":"g_cc92b932356a8a88","floorId":"f_9b34472d80f1af20"},{"geometryId":"g_763c02ecb2aed326","floorId":"f_9b34472d80f1af20"},{"geometryId":"g_10a5249f2727f496","floorId":"f_9b34472d80f1af20"},{"geometryId":"g_d59533f60be38e2d","floorId":"f_9b34472d80f1af20"},{"geometryId":"g_7c435242a3900cdc","floorId":"f_9b34472d80f1af20"},{"geometryId":"g_cdc4c1edf65b4941","floorId":"f_9b34472d80f1af20"},{"geometryId":"g_7f6dcf41d6b87657","floorId":"f_9b34472d80f1af20"},{"geometryId":"g_4bcee4ae222729c6","floorId":"f_9b34472d80f1af20"},{"geometryId":"g_cee5c4b1d7a35fd5","floorId":"f_9b34472d80f1af20"},{"geometryId":"g_b7def00f13daff0a","floorId":"f_9b34472d80f1af20"},{"geometryId":"g_0b994ab332953150","floorId":"f_9b34472d80f1af20"},{"geometryId":"g_4834fc11d68e1e6e","floorId":"f_9b34472d80f1af20"},{"geometryId":"g_93c979fa271ad77b","floorId":"f_9b34472d80f1af20"},{"geometryId":"g_af71c997823b422e","floorId":"f_9b34472d80f1af20"},{"geometryId":"g_2b9666b8ad849a1e","floorId":"f_9b34472d80f1af20"},{"geometryId":"g_daa04f9108b31f2a","floorId":"f_9b34472d80f1af20"},{"geometryId":"g_9f7a9c2320237eb6","floorId":"f_9b34472d80f1af20"},{"geometryId":"g_b65b9a3119da6824","floorId":"f_9b34472d80f1af20"},{"geometryId":"g_2fdc0b8d7f3241ca","floorId":"f_9b34472d80f1af20"},{"geometryId":"g_63210dc173250555","floorId":"f_9b34472d80f1af20"},{"geometryId":"g_4a5116b23479b721","floorId":"f_9b34472d80f1af20"},{"geometryId":"g_f5b6c0bada7e98fb","floorId":"f_9b34472d80f1af20"},{"geometryId":"g_2ed42fd9119482de","floorId":"f_9b34472d80f1af20"},{"geometryId":"g_3a04b9b6313c79e3","floorId":"f_9b34472d80f1af20"},{"geometryId":"g_dc057a256fd1697d","floorId":"f_9b34472d80f1af20"},{"geometryId":"g_e0707563b7db7299","floorId":"f_9b34472d80f1af20"},{"geometryId":"g_3e59eebf4ab13169","floorId":"f_9b34472d80f1af20"},{"geometryId":"g_25fc69ed0c336e9a","floorId":"f_9b34472d80f1af20"},{"geometryId":"g_4b5ef02275c195c3","floorId":"f_9b34472d80f1af20"},{"geometryId":"g_98a7beeecbfbecdd","floorId":"f_9b34472d80f1af20"},{"geometryId":"g_ef282e230014fff5","floorId":"f_9b34472d80f1af20"},{"geometryId":"g_0e745598d10feadb","floorId":"f_9b34472d80f1af20"},{"geometryId":"g_f412dc9d7464db52","floorId":"f_9b34472d80f1af20"},{"geometryId":"g_25847d4bfb9dc854","floorId":"f_9b34472d80f1af20"},{"geometryId":"g_647d0bfb0f2f1952","floorId":"f_9b34472d80f1af20"},{"geometryId":"g_9949fb8ea8fbc8b0","floorId":"f_9b34472d80f1af20"},{"geometryId":"g_8c77867d172235e1","floorId":"f_9b34472d80f1af20"},{"geometryId":"g_74a7ca7f216c60cc","floorId":"f_9b34472d80f1af20"},{"geometryId":"g_f78b3c33487e988e","floorId":"f_9b34472d80f1af20"},{"geometryId":"g_01641b3364d86c5e","floorId":"f_9b34472d80f1af20"},{"geometryId":"g_a08e7e8f144bafbc","floorId":"f_9b34472d80f1af20"},{"geometryId":"g_448fab9b932464bb","floorId":"f_9b34472d80f1af20"},{"geometryId":"g_a8b318f22e807956","floorId":"f_9b34472d80f1af20"},{"geometryId":"g_c8fcb51e477200ea","floorId":"f_9b34472d80f1af20"},{"geometryId":"g_147db6144cf64cdc","floorId":"f_9b34472d80f1af20"},{"geometryId":"g_9feec3c79d29b56b","floorId":"f_9b34472d80f1af20"}]},{"id":"loc_253543657232aacc","categories":[],"social":[],"images":[],"links":[],"openingHours":[],"details":{"name":"Desk 189"},"geometryAnchors":[{"geometryId":"g_1f477f320bca3e07","floorId":"f_9b34472d80f1af20"}]},{"id":"loc_e3cc19b3714fd5ee","categories":[],"social":[],"images":[],"links":[],"openingHours":[],"details":{"name":"Desk 192"},"geometryAnchors":[{"geometryId":"g_f72c1e5f81537bdc","floorId":"f_9b34472d80f1af20"}]},{"id":"loc_38e909553c0b029b","categories":[],"social":[],"images":[],"links":[],"openingHours":[],"details":{"name":"Desk 132"},"geometryAnchors":[{"geometryId":"g_601c174ba3dbe573","floorId":"f_9b34472d80f1af20"}]},{"id":"loc_1c60b24ff11dbf1d","categories":[],"social":[],"images":[],"links":[],"openingHours":[],"details":{"name":"Huddle 104 💡","description":"Small, informal meeting space designed for quick discussions, brainstorming sessions, or impromptu collaboration. "},"geometryAnchors":[{"geometryId":"g_d074de9adb56bc2b","floorId":"f_9b34472d80f1af20"}]},{"id":"loc_2045d01f7d71efa2","categories":[],"social":[],"images":[],"links":[],"openingHours":[],"details":{"name":"Office 106 💼"},"geometryAnchors":[{"geometryId":"g_1c3557e8045a234d","floorId":"f_9b34472d80f1af20"}]},{"id":"loc_fc280701ea3cc904","categories":[],"social":[],"images":[],"links":[],"openingHours":[],"details":{"name":"Huddle 103 💡","description":"Small, informal meeting space designed for quick discussions, brainstorming sessions, or impromptu collaboration. "},"geometryAnchors":[{"geometryId":"g_9bb62386a89f76fe","floorId":"f_9b34472d80f1af20"}]},{"id":"loc_944a13fdd33b2d43","categories":["lcat_7e1d3e2c075dcd2f"],"social":[],"images":[],"links":[],"openingHours":[],"details":{"name":"Men's Washroom 🚻"},"geometryAnchors":[{"geometryId":"g_79705c8c5c71ee7f","floorId":"f_77f55097629d2f4e"},{"geometryId":"g_922f9715ad628a31","floorId":"f_9b34472d80f1af20"}]},{"id":"loc_4ccca1123359e0fb","categories":[],"social":[],"images":[],"links":[],"openingHours":[],"details":{"name":"Desk 151"},"geometryAnchors":[{"geometryId":"g_6a218d2d1b4ada56","floorId":"f_9b34472d80f1af20"}]},{"id":"loc_5cc4af83e739434c","categories":[],"social":[],"images":[],"links":[],"openingHours":[],"details":{"name":"Oak Meeting Room","description":"Perfect for small team discussions, brainstorming sessions, or project collaboration.\n\nIncludes: Whiteboard, Screen"},"geometryAnchors":[{"geometryId":"g_58996367527de18f","floorId":"f_9b34472d80f1af20"}]},{"id":"loc_739571bea5ef1dbb","categories":[],"social":[],"images":[],"links":[],"openingHours":[],"details":{"name":"Desk 131"},"geometryAnchors":[{"geometryId":"g_7082036f9256c46c","floorId":"f_9b34472d80f1af20"}]},{"id":"loc_5323c0a5f140926b","categories":[],"social":[],"images":[],"links":[],"openingHours":[],"details":{"name":"Desk 147"},"geometryAnchors":[{"geometryId":"g_d7a412fd9b85fc5c","floorId":"f_9b34472d80f1af20"}]},{"id":"loc_78dcb94904b05d7a","categories":[],"social":[],"images":[],"links":[],"openingHours":[],"details":{"name":"Print Point 200 🖨️"},"geometryAnchors":[{"geometryId":"g_de88bd018a334957","floorId":"f_77f55097629d2f4e"}]},{"id":"loc_7095c6b669048824","categories":[],"social":[],"images":[],"links":[],"openingHours":[],"details":{"name":"Desk 166"},"geometryAnchors":[{"geometryId":"g_dc33f671bef7f099","floorId":"f_9b34472d80f1af20"}]},{"id":"loc_9dbb04e814e4f967","categories":[],"social":[],"images":[],"links":[],"openingHours":[],"details":{"name":"Office 202 💼"},"geometryAnchors":[{"geometryId":"g_aa6f14fb6169fdc4","floorId":"f_77f55097629d2f4e"}]},{"id":"loc_2cb73b1427f58f51","categories":[],"social":[],"images":[],"links":[],"openingHours":[],"details":{"name":"Desk 165"},"geometryAnchors":[{"geometryId":"g_6b2e7aeae3d5b81a","floorId":"f_9b34472d80f1af20"}]},{"id":"loc_47220d68941ff491","categories":[],"social":[],"images":[],"links":[],"openingHours":[],"details":{"name":"Desk 158"},"geometryAnchors":[{"geometryId":"g_6d7aa4dc2e54ee97","floorId":"f_9b34472d80f1af20"}]},{"id":"loc_d30a28587e875a9e","categories":[],"social":[],"images":[],"links":[],"openingHours":[],"details":{"name":"Desk 155"},"geometryAnchors":[{"geometryId":"g_12bc4cfc8b0e0d00","floorId":"f_9b34472d80f1af20"}]},{"id":"loc_42f340dc3df61d65","categories":[],"social":[],"images":[],"links":[],"openingHours":[],"details":{"name":"Desk 152"},"geometryAnchors":[{"geometryId":"g_cfbd02b2b7bb1207","floorId":"f_9b34472d80f1af20"}]},{"id":"loc_4809fb01097053a6","categories":[],"social":[],"images":[],"links":[],"openingHours":[],"details":{"name":"Desk 178"},"geometryAnchors":[{"geometryId":"g_5d1d317d3cc7d023","floorId":"f_9b34472d80f1af20"}]},{"id":"loc_dd669465c1d451f2","categories":[],"social":[],"images":[],"links":[],"openingHours":[],"details":{"name":"Desk 159"},"geometryAnchors":[{"geometryId":"g_eb79aae61d58ec1f","floorId":"f_9b34472d80f1af20"}]},{"id":"loc_e905e6d04b5ed339","categories":[],"social":[],"images":[],"links":[],"openingHours":[],"details":{"name":"Office 101 💼"},"geometryAnchors":[{"geometryId":"g_e3bb9fa4f0b56fa2","floorId":"f_9b34472d80f1af20"}]},{"id":"loc_840bf5e30f8a06eb","categories":[],"social":[],"images":[],"links":[],"openingHours":[],"details":{"name":"Huddle 203 💡","description":"Small, informal meeting space designed for quick discussions, brainstorming sessions, or impromptu collaboration. "},"geometryAnchors":[{"geometryId":"g_162a040703335bd5","floorId":"f_77f55097629d2f4e"}]},{"id":"loc_023d09a68494c590","categories":[],"social":[],"images":[],"links":[],"openingHours":[],"details":{"name":"Office 104 💼"},"geometryAnchors":[{"geometryId":"g_42fc22eb85c59386","floorId":"f_9b34472d80f1af20"}]},{"id":"loc_93bfbb4430c6aed6","categories":[],"social":[],"images":[],"links":[],"openingHours":[],"details":{"name":"Stairs 3"},"geometryAnchors":[{"geometryId":"g_c626ed3f26a21723","floorId":"f_77f55097629d2f4e"},{"geometryId":"g_0bd04b56f25d3cc2","floorId":"f_9b34472d80f1af20"},{"geometryId":"g_c626ed3f26a21723","floorId":"f_77f55097629d2f4e"},{"geometryId":"g_0bd04b56f25d3cc2","floorId":"f_9b34472d80f1af20"}]},{"id":"loc_66cdb38c10c66814","categories":[],"social":[],"images":[],"links":[],"openingHours":[],"details":{"name":"Desk 193"},"geometryAnchors":[{"geometryId":"g_6ac08252e0f41245","floorId":"f_9b34472d80f1af20"}]},{"id":"loc_0fe76fd28178419a","categories":[],"social":[],"images":[],"links":[],"openingHours":[],"details":{"name":"Fir Meeting Room","description":"Perfect for small team discussions, brainstorming sessions, or project collaboration.\n\nIncludes: Whiteboard, Screen"},"geometryAnchors":[{"geometryId":"g_1e318f79b27f5ed5","floorId":"f_77f55097629d2f4e"}]},{"id":"loc_1ad9f19ae6166068","categories":[],"social":[],"images":[],"links":[],"openingHours":[],"details":{"name":"Desk 157"},"geometryAnchors":[{"geometryId":"g_f1425edd3117bdac","floorId":"f_9b34472d80f1af20"}]},{"id":"loc_2b7cb70289d3a10d","categories":[],"social":[],"images":[],"links":[],"openingHours":[],"details":{"name":"Focus Room 103 🎧","description":"Small, private space designed for individual work, deep concentration,  and soundproofing features. \n\nThese rooms offer a quiet environment away from the open office setting."},"geometryAnchors":[{"geometryId":"g_d996ed009f695bf0","floorId":"f_9b34472d80f1af20"}]},{"id":"loc_815b56f6627abea5","categories":[],"social":[],"images":[],"links":[],"openingHours":[],"details":{"name":"Pine Meeting Room","description":"Perfect for medium-sized team discussions, brainstorming sessions, or project collaboration.\n\nIncludes: Whiteboard, Screen"},"geometryAnchors":[{"geometryId":"g_c376887d658e895a","floorId":"f_77f55097629d2f4e"}]},{"id":"loc_b5f7e9ad3404f3dc","categories":[],"social":[],"images":[],"links":[],"openingHours":[],"details":{"name":"Desk 144"},"geometryAnchors":[{"geometryId":"g_991134825ed6a932","floorId":"f_9b34472d80f1af20"}]},{"id":"loc_c56c0b23c7c486e6","categories":[],"social":[],"images":[],"links":[],"openingHours":[],"details":{"name":"Seat X"},"geometryAnchors":[{"geometryId":"g_3d0b00f4a2a6394b","floorId":"f_9b34472d80f1af20"},{"geometryId":"g_f396a859a6aab6f9","floorId":"f_9b34472d80f1af20"},{"geometryId":"g_a510c8d4b7de1797","floorId":"f_9b34472d80f1af20"},{"geometryId":"g_c2b980cc3522bf8b","floorId":"f_9b34472d80f1af20"},{"geometryId":"g_ad36443cecd38257","floorId":"f_9b34472d80f1af20"},{"geometryId":"g_ca1e8a6938b3d85e","floorId":"f_9b34472d80f1af20"},{"geometryId":"g_d732495729e46c9c","floorId":"f_9b34472d80f1af20"},{"geometryId":"g_85c3db984571e7a9","floorId":"f_9b34472d80f1af20"},{"geometryId":"g_f24bb29e13aea537","floorId":"f_9b34472d80f1af20"},{"geometryId":"g_4cf7fc19b4ca2ea8","floorId":"f_9b34472d80f1af20"},{"geometryId":"g_82e4bac65df77133","floorId":"f_9b34472d80f1af20"},{"geometryId":"g_a2da42aa46f11896","floorId":"f_9b34472d80f1af20"},{"geometryId":"g_2df1c2f04a196b5c","floorId":"f_9b34472d80f1af20"},{"geometryId":"g_aefdf04ef76844b3","floorId":"f_9b34472d80f1af20"},{"geometryId":"g_21657b1c3eceed7f","floorId":"f_9b34472d80f1af20"}]},{"id":"loc_5ccddead16326920","categories":[],"social":[],"images":[],"links":[],"openingHours":[],"details":{"name":"Desk 171"},"geometryAnchors":[{"geometryId":"g_6624be9c706f078c","floorId":"f_9b34472d80f1af20"}]},{"id":"loc_738fae07d8d3ed45","categories":[],"social":[],"images":[],"links":[],"openingHours":[],"details":{"name":"Office 105 💼"},"geometryAnchors":[{"geometryId":"g_2af8a88d7968574d","floorId":"f_9b34472d80f1af20"}]},{"id":"loc_1ddb36afbec33ecb","categories":[],"social":[],"images":[],"links":[],"openingHours":[],"details":{"name":"Office 203 💼"},"geometryAnchors":[{"geometryId":"g_c9229fefc6d2bf7b","floorId":"f_77f55097629d2f4e"}]},{"id":"loc_279d487654c3b622","categories":[],"social":[],"images":[],"links":[],"openingHours":[],"details":{"name":"Desk X"},"geometryAnchors":[{"geometryId":"g_59b7f03f67cdc96a","floorId":"f_9b34472d80f1af20"},{"geometryId":"g_3a15db0b6ecd5c36","floorId":"f_9b34472d80f1af20"},{"geometryId":"g_89cba1873c825e4c","floorId":"f_9b34472d80f1af20"},{"geometryId":"g_c73a999840c3f92c","floorId":"f_9b34472d80f1af20"},{"geometryId":"g_64e963a3a035651d","floorId":"f_9b34472d80f1af20"},{"geometryId":"g_0877f02f46f99514","floorId":"f_9b34472d80f1af20"},{"geometryId":"g_315b2095398c786f","floorId":"f_9b34472d80f1af20"},{"geometryId":"g_4c8f8ab825ca411d","floorId":"f_9b34472d80f1af20"},{"geometryId":"g_d17649e1e0027846","floorId":"f_9b34472d80f1af20"},{"geometryId":"g_3db2ed097c94d905","floorId":"f_9b34472d80f1af20"},{"geometryId":"g_ef7d5554f78d4442","floorId":"f_9b34472d80f1af20"},{"geometryId":"g_c91c1dc10e82b466","floorId":"f_9b34472d80f1af20"},{"geometryId":"g_35c48a18806ad0ba","floorId":"f_9b34472d80f1af20"},{"geometryId":"g_1cba2027a0a204d7","floorId":"f_9b34472d80f1af20"},{"geometryId":"g_c59da7dd319ed93c","floorId":"f_9b34472d80f1af20"},{"geometryId":"g_0dd9980ad8fa4e47","floorId":"f_9b34472d80f1af20"}]},{"id":"loc_e58a826869675710","categories":[],"social":[],"images":[],"links":[],"openingHours":[],"details":{"name":"Desk 148"},"geometryAnchors":[{"geometryId":"g_ca78080fc9d967a9","floorId":"f_9b34472d80f1af20"}]},{"id":"loc_96b3c1043c44b5f2","categories":[],"social":[],"images":[],"links":[],"openingHours":[],"details":{"name":"Desk 180"},"geometryAnchors":[{"geometryId":"g_e066579511a90207","floorId":"f_9b34472d80f1af20"}]},{"id":"loc_aec72bde344828c6","categories":[],"social":[],"images":[],"links":[],"openingHours":[],"details":{"name":"Focus 101 🎧","description":"Small, private space designed for individual work, deep concentration,  and soundproofing features. \n\nThese rooms offer a quiet environment away from the open office setting."},"geometryAnchors":[{"geometryId":"g_406558aaf1551b0c","floorId":"f_9b34472d80f1af20"}]},{"id":"loc_d3c4282e5dd7a7ae","categories":["lcat_7e1d3e2c075dcd2f"],"social":[],"images":[],"links":[],"openingHours":[],"details":{"name":"Women's Washroom 🚻"},"geometryAnchors":[{"geometryId":"g_25b79456e50d1884","floorId":"f_77f55097629d2f4e"},{"geometryId":"g_0200b212f2a3c44e","floorId":"f_9b34472d80f1af20"}]},{"id":"loc_cd70e584b436e747","categories":[],"social":[],"images":[],"links":[],"openingHours":[],"details":{"name":"Cedar Meeting Room","description":"Perfect for medium-sized team discussions, brainstorming sessions, or project collaboration.\n\nIncludes: Whiteboard, Screen"},"geometryAnchors":[{"geometryId":"g_1c8c691f707ab6f6","floorId":"f_77f55097629d2f4e"}]},{"id":"loc_1da536cd18419ef6","categories":[],"social":[],"images":[],"links":[],"openingHours":[],"details":{"name":"Office 112 💼"},"geometryAnchors":[{"geometryId":"g_7913b0afa2ec53c0","floorId":"f_9b34472d80f1af20"}]},{"id":"loc_6917d96ee9aae24a","categories":[],"social":[],"images":[],"links":[],"openingHours":[],"details":{"name":"Focus Room 104 🎧","description":"Small, private space designed for individual work, deep concentration,  and soundproofing features. \n\nThese rooms offer a quiet environment away from the open office setting."},"geometryAnchors":[{"geometryId":"g_096088bbd91441c9","floorId":"f_9b34472d80f1af20"}]},{"id":"loc_8a9cc333b25846c1","categories":[],"social":[],"images":[],"links":[],"openingHours":[],"details":{"name":"Office 108 💼"},"geometryAnchors":[{"geometryId":"g_9b0f216e4fab5c11","floorId":"f_9b34472d80f1af20"}]},{"id":"loc_da4de9b2ec19bd3a","categories":[],"social":[],"images":[],"links":[],"openingHours":[],"details":{"name":"Desk 130"},"geometryAnchors":[{"geometryId":"g_2e6749fc4c4445a2","floorId":"f_9b34472d80f1af20"}]},{"id":"loc_f9206a4c0bd9f419","categories":[],"social":[],"images":[],"links":[],"openingHours":[],"details":{"name":"Storage "},"geometryAnchors":[{"geometryId":"g_8a9da0b92fdd326a","floorId":"f_77f55097629d2f4e"}]},{"id":"loc_0c1278392afdec00","categories":[],"social":[],"images":[],"links":[],"openingHours":[],"details":{"name":"Desk 142"},"geometryAnchors":[{"geometryId":"g_c85c1229d7e07084","floorId":"f_9b34472d80f1af20"}]},{"id":"loc_395d580bb148dc16","categories":[],"social":[],"images":[],"links":[],"openingHours":[],"details":{"name":"Office 110 💼"},"geometryAnchors":[{"geometryId":"g_9a1c17d7175c21b4","floorId":"f_9b34472d80f1af20"}]},{"id":"loc_6edb6e1d0291a6dc","categories":[],"social":[],"images":[],"links":[],"openingHours":[],"details":{"name":"Elevator 4"},"geometryAnchors":[{"geometryId":"g_4a2a690254b12b30","floorId":"f_77f55097629d2f4e"},{"geometryId":"g_7c71bf4526b1a03f","floorId":"f_9b34472d80f1af20"}]},{"id":"loc_51506f36f470b8d7","categories":[],"social":[],"images":[],"links":[],"openingHours":[],"details":{"name":"Desk 160"},"geometryAnchors":[{"geometryId":"g_0d1482164889b557","floorId":"f_9b34472d80f1af20"}]},{"id":"loc_bf777e7bb135ac4a","categories":[],"social":[],"images":[],"links":[],"openingHours":[],"details":{"name":"Desk 179"},"geometryAnchors":[{"geometryId":"g_48c0460b98728991","floorId":"f_9b34472d80f1af20"}]},{"id":"loc_dfadbda448d543bc","categories":[],"social":[],"images":[],"links":[],"openingHours":[],"details":{"name":"Office 205 💼"},"geometryAnchors":[{"geometryId":"g_446e804236f655e2","floorId":"f_77f55097629d2f4e"}]},{"id":"loc_2416c9f75de630d9","categories":[],"social":[],"images":[],"links":[],"openingHours":[],"details":{"name":"Water Cooler","description":"Refill your water!"},"geometryAnchors":[{"geometryId":"g_0686e31fa02b34af","floorId":"f_9b34472d80f1af20"}]},{"id":"loc_36c2401cfd41c06d","categories":[],"social":[],"images":[],"links":[],"openingHours":[],"details":{"name":"Desk 169"},"geometryAnchors":[{"geometryId":"g_90f3b1b73d3075e0","floorId":"f_9b34472d80f1af20"}]},{"id":"loc_02da620e5ffd9d3f","categories":[],"social":[],"images":[],"links":[],"openingHours":[],"details":{"name":"Desk 187"},"geometryAnchors":[{"geometryId":"g_b12d5f8002423fdd","floorId":"f_9b34472d80f1af20"}]},{"id":"loc_39bb572c09cbfad5","categories":[],"social":[],"images":[],"links":[],"openingHours":[],"details":{"name":"Office 107 💼"},"geometryAnchors":[{"geometryId":"g_1c0f777fa066799c","floorId":"f_9b34472d80f1af20"}]},{"id":"loc_7e94a8c088799aa4","categories":[],"social":[],"images":[],"links":[],"openingHours":[],"details":{"name":"Desk 190"},"geometryAnchors":[{"geometryId":"g_50172f086be3692a","floorId":"f_9b34472d80f1af20"}]},{"id":"loc_f6e0f1342c233c15","categories":[],"social":[],"images":[],"links":[],"openingHours":[],"details":{"name":"Hemlock Meeting Room","description":"Perfect for medium-sized team discussions, brainstorming sessions, or project collaboration.\n\nIncludes: Whiteboard, Screen"},"geometryAnchors":[{"geometryId":"g_bda67c436814aad4","floorId":"f_77f55097629d2f4e"}]},{"id":"loc_16be01901cc723b2","categories":[],"social":[],"images":[],"links":[],"openingHours":[],"details":{"name":"Desk 143"},"geometryAnchors":[{"geometryId":"g_e468f8329e34647f","floorId":"f_9b34472d80f1af20"}]},{"id":"loc_b03ed9d3ca2aaf4a","categories":[],"social":[],"images":[],"links":[],"openingHours":[],"details":{"name":"Storage 📦"},"geometryAnchors":[{"geometryId":"g_bca83358978e4b6a","floorId":"f_77f55097629d2f4e"},{"geometryId":"g_4dc6b656a65eb0df","floorId":"f_77f55097629d2f4e"},{"geometryId":"g_a8bde42804dfbf7f","floorId":"f_9b34472d80f1af20"},{"geometryId":"g_73a3dff7bbd20167","floorId":"f_9b34472d80f1af20"},{"geometryId":"g_08f3a9242c118501","floorId":"f_9b34472d80f1af20"},{"geometryId":"g_ed2632075a2abfb6","floorId":"f_9b34472d80f1af20"}]},{"id":"loc_5150ce1435e7f05a","categories":[],"social":[],"images":[],"links":[],"openingHours":[],"details":{"name":"Custodial 🛠️"},"geometryAnchors":[{"geometryId":"g_e03a03069098628a","floorId":"f_77f55097629d2f4e"},{"geometryId":"g_5c5b9ee6b7bae0be","floorId":"f_9b34472d80f1af20"}]},{"id":"loc_2bcf4a89c0a7cb06","categories":[],"social":[],"images":[],"links":[],"openingHours":[],"details":{"name":"Desk 182"},"geometryAnchors":[{"geometryId":"g_be29d5b552b3c895","floorId":"f_9b34472d80f1af20"}]},{"id":"loc_31fe885f4b38cdba","categories":[],"social":[],"images":[],"links":[],"openingHours":[],"details":{"name":"Desk 137"},"geometryAnchors":[{"geometryId":"g_99053fa6bd20d18d","floorId":"f_9b34472d80f1af20"}]},{"id":"loc_832460d0c3288cf8","categories":[],"social":[],"images":[],"links":[],"openingHours":[],"details":{"name":"Maple Meeting Room","description":"Perfect for medium-sized team discussions, brainstorming sessions, or project collaboration.\n\nIncludes: Whiteboard, Screen"},"geometryAnchors":[{"geometryId":"g_5aa9c4a036924774","floorId":"f_9b34472d80f1af20"}]},{"id":"loc_d914ebec469d6633","categories":[],"social":[],"images":[],"links":[],"openingHours":[],"details":{"name":"Multipurpose Room ✨"},"geometryAnchors":[{"geometryId":"g_ce2d2146267017a8","floorId":"f_9b34472d80f1af20"}]},{"id":"loc_06f0b3f703959dd2","categories":[],"social":[],"images":[],"links":[],"openingHours":[],"details":{"name":"Desk 184"},"geometryAnchors":[{"geometryId":"g_633b41e362175fc0","floorId":"f_9b34472d80f1af20"}]},{"id":"loc_5bd5525d7f69ff94","categories":[],"social":[],"images":[],"links":[],"openingHours":[],"details":{"name":"Desk 191"},"geometryAnchors":[{"geometryId":"g_1320fec8b2deab5d","floorId":"f_9b34472d80f1af20"}]},{"id":"loc_4adb286fb6928483","categories":[],"social":[],"images":[],"links":[],"openingHours":[],"details":{"name":"Elevator 3"},"geometryAnchors":[{"geometryId":"g_f0e2544d1f7a4d60","floorId":"f_77f55097629d2f4e"},{"geometryId":"g_0f3abc8287c4c59e","floorId":"f_9b34472d80f1af20"},{"geometryId":"g_f0e2544d1f7a4d60","floorId":"f_77f55097629d2f4e"},{"geometryId":"g_0f3abc8287c4c59e","floorId":"f_9b34472d80f1af20"}]},{"id":"loc_9931fd1d13edda5f","categories":[],"social":[],"images":[],"links":[],"openingHours":[],"details":{"name":"Pet Picture Corner"},"geometryAnchors":[{"geometryId":"g_688266be53ae07a3","floorId":"f_77f55097629d2f4e"}]},{"id":"loc_11265bd1a29b68b2","categories":[],"social":[],"images":[],"links":[],"openingHours":[],"details":{"name":"Desk 196"},"geometryAnchors":[{"geometryId":"g_d047d603f2d354e6","floorId":"f_9b34472d80f1af20"}]},{"id":"loc_41eaf0f5586a2a70","categories":[],"social":[],"images":[],"links":[],"openingHours":[],"details":{"name":"Desk 139"},"geometryAnchors":[{"geometryId":"g_b51dd4a55666976a","floorId":"f_9b34472d80f1af20"}]},{"id":"loc_6a61d8ddf7a98faf","categories":[],"social":[],"images":[],"links":[],"openingHours":[],"details":{"name":"Focus Room 202 🎧","description":"Small, private space designed for individual work, deep concentration,  and soundproofing features. \n\nThese rooms offer a quiet environment away from the open office setting."},"geometryAnchors":[{"geometryId":"g_47675adb3d14bf3c","floorId":"f_77f55097629d2f4e"}]},{"id":"loc_3c0ee837bb011f78","categories":[],"social":[],"images":[],"links":[],"openingHours":[],"details":{"name":"Desk 163"},"geometryAnchors":[{"geometryId":"g_d2a6cf5efd3ea387","floorId":"f_9b34472d80f1af20"}]},{"id":"loc_dd8e49b2850f70dd","categories":[],"social":[],"images":[],"links":[],"openingHours":[],"details":{"name":"Huddle 201 💡","description":"Small, informal meeting space designed for quick discussions, brainstorming sessions, or impromptu collaboration. "},"geometryAnchors":[{"geometryId":"g_e1c7a321bc76f32d","floorId":"f_77f55097629d2f4e"}]},{"id":"loc_4b097203d8b33215","categories":[],"social":[],"images":[],"links":[],"openingHours":[],"details":{"name":"Desk 183"},"geometryAnchors":[{"geometryId":"g_58e239ce7552572d","floorId":"f_9b34472d80f1af20"}]},{"id":"loc_dc09b8b2f26e9864","categories":[],"social":[],"images":[],"links":[],"openingHours":[],"details":{"name":"Office 102 💼"},"geometryAnchors":[{"geometryId":"g_feed2bb4d08cea69","floorId":"f_9b34472d80f1af20"}]},{"id":"loc_c6998268f1074cf7","categories":[],"social":[],"images":[],"links":[],"openingHours":[],"details":{"name":"Desk 164"},"geometryAnchors":[{"geometryId":"g_d85c7c9f631e92f2","floorId":"f_9b34472d80f1af20"}]},{"id":"loc_a395ebdd18faa884","categories":[],"social":[],"images":[],"links":[],"openingHours":[],"details":{"name":"Huddle 101 💡","description":"Small, informal meeting space designed for quick discussions, brainstorming sessions, or impromptu collaboration. "},"geometryAnchors":[{"geometryId":"g_fb6a589fc7295ccc","floorId":"f_9b34472d80f1af20"}]},{"id":"loc_dc68badc7183d67f","categories":[],"social":[],"images":[],"links":[],"openingHours":[],"details":{"name":"Meeting Room"},"geometryAnchors":[{"geometryId":"g_557ad2d6b5ee2333","floorId":"f_77f55097629d2f4e"},{"geometryId":"g_235c1beb8ebdf976","floorId":"f_77f55097629d2f4e"},{"geometryId":"g_886dbfa7e803d156","floorId":"f_9b34472d80f1af20"}]},{"id":"loc_c27e476043857b33","categories":[],"social":[],"images":[],"links":[],"openingHours":[],"details":{"name":"Desk Y"},"geometryAnchors":[{"geometryId":"g_6641280e2dbb43a7","floorId":"f_77f55097629d2f4e"},{"geometryId":"g_fdd7be3c82d73f78","floorId":"f_77f55097629d2f4e"},{"geometryId":"g_f8fe2ccc418fdd93","floorId":"f_77f55097629d2f4e"},{"geometryId":"g_e8a06fa34167e837","floorId":"f_77f55097629d2f4e"},{"geometryId":"g_78fe2c4ffcbd4cdb","floorId":"f_77f55097629d2f4e"},{"geometryId":"g_d685927303992935","floorId":"f_77f55097629d2f4e"},{"geometryId":"g_085e9b62154a173f","floorId":"f_77f55097629d2f4e"},{"geometryId":"g_3212f393b17e6bcf","floorId":"f_77f55097629d2f4e"},{"geometryId":"g_eeaef020f0777491","floorId":"f_77f55097629d2f4e"},{"geometryId":"g_6a18bb0a61c8b454","floorId":"f_77f55097629d2f4e"},{"geometryId":"g_f3f73b07834a61a6","floorId":"f_77f55097629d2f4e"},{"geometryId":"g_ed901e27c5e26ce3","floorId":"f_77f55097629d2f4e"},{"geometryId":"g_55b7e23e55a68d59","floorId":"f_77f55097629d2f4e"},{"geometryId":"g_3b9d42eac83a8d35","floorId":"f_77f55097629d2f4e"},{"geometryId":"g_18bbd19fd80cd77e","floorId":"f_77f55097629d2f4e"},{"geometryId":"g_1b11b85d6dbffd86","floorId":"f_77f55097629d2f4e"},{"geometryId":"g_96e8160171b6eed2","floorId":"f_77f55097629d2f4e"},{"geometryId":"g_0dffe582414de09d","floorId":"f_77f55097629d2f4e"},{"geometryId":"g_6a034a094e4eeec1","floorId":"f_77f55097629d2f4e"},{"geometryId":"g_f6833c1d511ee83d","floorId":"f_77f55097629d2f4e"},{"geometryId":"g_3e377c9b7c482d85","floorId":"f_77f55097629d2f4e"},{"geometryId":"g_21e1fb08bf6d42c6","floorId":"f_77f55097629d2f4e"},{"geometryId":"g_589f744ca0f4a930","floorId":"f_77f55097629d2f4e"},{"geometryId":"g_400b241f53bc8e36","floorId":"f_77f55097629d2f4e"},{"geometryId":"g_c3c85cef2a6b39fb","floorId":"f_77f55097629d2f4e"},{"geometryId":"g_f8782dc4354d83f8","floorId":"f_77f55097629d2f4e"},{"geometryId":"g_9be9505859867fe0","floorId":"f_77f55097629d2f4e"},{"geometryId":"g_6edd642a9d2e0463","floorId":"f_77f55097629d2f4e"},{"geometryId":"g_ab1827b088a73de9","floorId":"f_77f55097629d2f4e"},{"geometryId":"g_9b8e83530766c6f5","floorId":"f_77f55097629d2f4e"},{"geometryId":"g_b42e53504c251f44","floorId":"f_77f55097629d2f4e"},{"geometryId":"g_cd86402ca257b694","floorId":"f_77f55097629d2f4e"},{"geometryId":"g_90d4d98cbb114783","floorId":"f_9b34472d80f1af20"},{"geometryId":"g_5748d109de0892f4","floorId":"f_9b34472d80f1af20"},{"geometryId":"g_488a296d78fdaeda","floorId":"f_9b34472d80f1af20"},{"geometryId":"g_73721b946902137f","floorId":"f_9b34472d80f1af20"}]},{"id":"loc_d3a876e196e635a5","categories":[],"social":[],"images":[],"links":[],"openingHours":[],"details":{"name":"Desk 173"},"geometryAnchors":[{"geometryId":"g_2a79cd8c588f04ab","floorId":"f_9b34472d80f1af20"}]},{"id":"loc_530a99271b0e0645","categories":[],"social":[],"images":[],"links":[],"openingHours":[],"details":{"name":"Snacks"},"geometryAnchors":[{"geometryId":"g_54365aa7ac3e48cf","floorId":"f_9b34472d80f1af20"}]},{"id":"loc_681ad3ea9ba640ae","categories":[],"social":[],"images":[],"links":[],"openingHours":[],"details":{"name":"Office 207 💼"},"geometryAnchors":[{"geometryId":"g_cd217d0daf9d3287","floorId":"f_77f55097629d2f4e"}]},{"id":"loc_c5d338d0bee5afd5","categories":[],"social":[],"images":[],"links":[],"openingHours":[],"details":{"name":"Print Point 100 🖨️"},"geometryAnchors":[{"geometryId":"g_e369dec51ff3c287","floorId":"f_9b34472d80f1af20"}]},{"id":"loc_fdf9cb68721ccbe1","categories":[],"social":[],"images":[],"links":[],"openingHours":[],"details":{"name":"Office 210 💼"},"geometryAnchors":[{"geometryId":"g_bf8ebb7142c8f16f","floorId":"f_77f55097629d2f4e"}]},{"id":"loc_625183eeb8293158","categories":[],"social":[],"images":[],"links":[],"openingHours":[],"details":{"name":"Electrical Room ⚡️"},"geometryAnchors":[{"geometryId":"g_e7a5a6ad51fe8036","floorId":"f_77f55097629d2f4e"},{"geometryId":"g_17b253cd62933eab","floorId":"f_77f55097629d2f4e"},{"geometryId":"g_70b9314d10f9794a","floorId":"f_9b34472d80f1af20"},{"geometryId":"g_9b520d290e689e11","floorId":"f_9b34472d80f1af20"}]},{"id":"loc_084debe0d4689cb2","categories":[],"social":[],"images":[],"links":[],"openingHours":[],"details":{"name":"Desk 133"},"geometryAnchors":[{"geometryId":"g_b31c1ca4a94c42bf","floorId":"f_9b34472d80f1af20"}]},{"id":"loc_68af4a9ebb9eb130","categories":[],"social":[],"images":[],"links":[],"openingHours":[],"details":{"name":"Elevator 1"},"geometryAnchors":[{"geometryId":"g_4d7dc4524d0d1ae4","floorId":"f_77f55097629d2f4e"},{"geometryId":"g_5cc8671367d72476","floorId":"f_9b34472d80f1af20"},{"geometryId":"g_4d7dc4524d0d1ae4","floorId":"f_77f55097629d2f4e"},{"geometryId":"g_5cc8671367d72476","floorId":"f_9b34472d80f1af20"}]},{"id":"loc_7d952648606c2aba","categories":[],"social":[],"images":[],"links":[],"openingHours":[],"details":{"name":"Desk 141"},"geometryAnchors":[{"geometryId":"g_5321831f4807fe15","floorId":"f_9b34472d80f1af20"}]},{"id":"loc_999b8fc8a68af5ba","categories":[],"social":[],"images":[],"links":[],"openingHours":[],"details":{"name":"Desk 153"},"geometryAnchors":[{"geometryId":"g_13d25038a4c14b47","floorId":"f_9b34472d80f1af20"}]},{"id":"loc_749fe9f6985f40c5","categories":[],"social":[],"images":[],"links":[],"openingHours":[],"details":{"name":"Desk 149"},"geometryAnchors":[{"geometryId":"g_54e772117cbf3a0d","floorId":"f_9b34472d80f1af20"}]},{"id":"loc_c34de85594a0bf6a","categories":[],"social":[],"images":[],"links":[],"openingHours":[],"details":{"name":"Office 201 💼"},"geometryAnchors":[{"geometryId":"g_8ddb3503da5150d9","floorId":"f_77f55097629d2f4e"}]},{"id":"loc_5df77b9350b5550c","categories":[],"social":[],"images":[],"links":[],"openingHours":[],"details":{"name":"Desk 188"},"geometryAnchors":[{"geometryId":"g_ac3b9ae3d925488c","floorId":"f_9b34472d80f1af20"}]},{"id":"loc_a86689427ae98c9b","categories":[],"social":[],"images":[],"links":[],"openingHours":[],"details":{"name":"Huddle 202 💡","description":"Small, informal meeting space designed for quick discussions, brainstorming sessions, or impromptu collaboration. "},"geometryAnchors":[{"geometryId":"g_23ff3d25e7aee251","floorId":"f_77f55097629d2f4e"}]},{"id":"loc_f145c93c48915c49","categories":[],"social":[],"images":[],"links":[],"openingHours":[],"details":{"name":"Desk 150"},"geometryAnchors":[{"geometryId":"g_ca5adb6f2ab74bc6","floorId":"f_9b34472d80f1af20"}]},{"id":"loc_db128a4f387d8055","categories":[],"social":[],"images":[],"links":[],"openingHours":[],"details":{"name":"Office 209 💼"},"geometryAnchors":[{"geometryId":"g_d91a9ed38d0e0308","floorId":"f_77f55097629d2f4e"}]},{"id":"loc_05750add6c0e34a6","categories":[],"social":[],"images":[],"links":[],"openingHours":[],"details":{"name":"Desk 140"},"geometryAnchors":[{"geometryId":"g_e055c96bcdcf4c63","floorId":"f_9b34472d80f1af20"}]},{"id":"loc_3499ff283a684cda","categories":[],"social":[],"images":[],"links":[],"openingHours":[],"details":{"name":"Elm Meeting Room","description":"Perfect for small team discussions, brainstorming sessions, or project collaboration.\n\nIncludes: Whiteboard, Screen"},"geometryAnchors":[{"geometryId":"g_f6af242ca27e0f63","floorId":"f_9b34472d80f1af20"}]},{"id":"loc_6b38ec9087fc6d84","categories":[],"social":[],"images":[],"links":[],"openingHours":[],"details":{"name":"Yew Meeting Room","description":"Perfect for small team discussions, brainstorming sessions, or project collaboration.\n\nIncludes: Whiteboard, Screen"},"geometryAnchors":[{"geometryId":"g_a2cb7ca14467276b","floorId":"f_77f55097629d2f4e"}]},{"id":"loc_63a3873bdb853dca","categories":[],"social":[],"images":[],"links":[],"openingHours":[],"details":{"name":"Huddle 102 💡","description":"Small, informal meeting space designed for quick discussions, brainstorming sessions, or impromptu collaboration. "},"geometryAnchors":[{"geometryId":"g_742685b150f0c081","floorId":"f_9b34472d80f1af20"}]},{"id":"loc_def56a5060a570fb","categories":[],"social":[],"images":[],"links":[],"openingHours":[],"details":{"name":"Office 211 💼"},"geometryAnchors":[{"geometryId":"g_0262f7eccf93828a","floorId":"f_77f55097629d2f4e"}]},{"id":"loc_6e3831a22cd32bde","categories":[],"social":[],"images":[],"links":[],"openingHours":[],"details":{"name":"Desk 168"},"geometryAnchors":[{"geometryId":"g_e94a6597c40014ca","floorId":"f_9b34472d80f1af20"}]},{"id":"loc_cdb4db2c6baafad9","categories":[],"social":[],"images":[],"links":[],"openingHours":[],"details":{"name":"Office 103 💼"},"geometryAnchors":[{"geometryId":"g_13f4eb09274032cd","floorId":"f_9b34472d80f1af20"}]},{"id":"loc_77711d8acb0df7cf","categories":[],"social":[],"images":[],"links":[],"openingHours":[],"details":{"name":"Desk 172"},"geometryAnchors":[{"geometryId":"g_8f8357bf70377d23","floorId":"f_9b34472d80f1af20"}]}]